rollout/ep_len_mean,time/fps,time/time_elapsed,time/total_timesteps,rollout/exploration_rate,rollout/ep_rew_mean,time/episodes,eval/mean_reward,eval/mean_ep_length,train/n_updates,train/loss,train/learning_rate
42.0,9083,0,168,0.9920200000000005,2.7889294999999996,4,,,,,
40.875,8728,0,327,0.9844674999999995,2.74292375,8,,,,,
38.916666666666664,8845,0,467,0.9778175000000002,2.9278293333333334,12,,,,,
38.875,8571,0,622,0.9704550000000005,2.9632870625,16,,,,,
38.5,8410,0,770,0.9634249999999999,2.98098295,20,,,,,
38.458333333333336,8341,0,923,0.9561574999999997,2.820977708333333,24,,,,,
38.214285714285715,8209,0,1070,0.9491750000000003,2.8485459642857145,28,,,,,
38.4375,8246,0,1230,0.9415750000000002,2.6831052812499996,32,,,,,
38.083333333333336,8233,0,1371,0.9348774999999995,2.699087805555555,36,,,,,
37.125,8255,0,1485,0.9294624999999999,2.839581025,40,,,,,
36.77272727272727,8238,0,1618,0.9231449999999997,2.921997340909091,44,,,,,
36.25,8206,0,1740,0.9173499999999997,2.978180395833333,48,,,,,
36.46153846153846,8200,0,1896,0.9099399999999995,2.8521370769230763,52,,,,,
36.5,8155,0,2044,0.90291,2.8581775,56,,,,,
35.86666666666667,8139,0,2152,0.8977800000000001,2.9289080666666663,60,,,,,
35.8125,8187,0,2292,0.8911299999999998,2.97316515625,64,,,,,
35.86764705882353,8209,0,2439,0.8841475000000004,2.9960574852941173,68,,,,,
36.06944444444444,8208,0,2597,0.8766424999999998,2.9707381805555553,72,,,,,
35.8421052631579,8206,0,2724,0.8706100000000003,2.9990285,76,,,,,
35.975,8237,0,2878,0.8632949999999999,2.9467638750000003,80,,,,,
35.857142857142854,8222,0,3012,0.8569300000000004,2.905942642857143,84,,,,,
35.79545454545455,8229,0,3150,0.8503749999999997,2.9214567840909096,88,,,,,
35.92391304347826,8238,0,3305,0.8430124999999999,2.872914141304349,92,,,,,
35.916666666666664,8248,0,3448,0.8362199999999997,2.871113322916667,96,,,,,
35.8,8252,0,3580,0.8299499999999997,2.89177753,100,,,,,
35.7,8269,0,3738,0.8224450000000002,2.84315001,104,,,,,
35.31,8192,0,3858,0.8167449999999997,2.88512546,108,,,,,
35.5,8115,0,4017,0.8091924999999999,2.8599184599999994,112,,,,,
35.0,8077,0,4122,0.8042049999999998,2.923244420000001,116,,,,,
34.85,8016,0,4255,0.7978874999999996,2.939770800000001,120,,,,,
34.82,8014,0,4405,0.7907625000000004,2.9057234500000004,124,,,,,
34.61,8008,0,4531,0.7847775000000001,2.9211726000000002,128,,,,,
34.49,8034,0,4679,0.7777474999999995,2.9547167,132,,,,,
34.45,8045,0,4816,0.7712400000000001,2.9969125300000004,136,,,,,
34.76,8051,0,4961,0.7643525000000003,2.8864888900000008,140,,,,,
,,,5000,0.7625475000000002,,,5.656523399999999,20.4,,,
34.98,7555,0,5116,0.7569899999999996,2.78654871,144,,,,,
35.41,7581,0,5281,0.7491524999999999,2.6973132499999997,148,,,,,
35.45,7602,0,5441,0.7415524999999997,2.71290185,152,,,,,
35.34,7608,0,5578,0.7350450000000004,2.75239388,156,,,,,
35.61,7630,0,5713,0.7286325000000005,2.74677669,160,,,,,
35.55,7637,0,5847,0.7222674999999998,2.7228807400000004,164,,,,,
35.46,7645,0,5985,0.7157125000000002,2.71876193,168,,,,,
35.25,7628,0,6122,0.7092049999999999,2.7471346,172,,,,,
35.49,7642,0,6273,0.7020325000000003,2.74688534,176,,,,,
35.52,7666,0,6430,0.6945749999999999,2.7189570000000005,180,,,,,
35.4,7669,0,6552,0.68878,2.77510923,184,,,,,
35.5,7693,0,6700,0.6817500000000003,2.77097195,188,,,,,
35.21,7704,0,6826,0.6757650000000001,2.8268099900000005,192,,,,,
34.85,7708,0,6933,0.6706825000000005,2.87017754,196,,,,,
34.8,7714,0,7060,0.6646500000000001,2.89248321,200,,,,,
34.84,7733,0,7222,0.6569550000000003,2.8693828499999996,204,,,,,
34.74,7737,0,7332,0.6517299999999997,2.87897774,208,,,,,
34.49,7750,0,7466,0.6453650000000003,2.92403736,212,,,,,
34.77,7746,0,7599,0.6390475,2.8354908300000004,216,,,,,
35.15,7776,0,7770,0.6309249999999995,2.6538057599999996,220,,,,,
35.34,7797,1,7939,0.6228974999999997,2.6140319700000005,224,,,,,
35.39,7810,1,8070,0.6166750000000001,2.59573081,228,,,,,
35.24,7822,1,8203,0.6103574999999999,2.6194621799999998,232,,,,,
35.25,7835,1,8341,0.6038025000000001,2.58333372,236,,,,,
35.18,7843,1,8479,0.5972475000000004,2.60293768,240,,,,,
35.07,7847,1,8623,0.5904075,2.6716833800000006,244,,,,,
34.94,7858,1,8775,0.5831875000000001,2.70179119,248,,,,,
34.41,7862,1,8882,0.5781050000000005,2.80324655,252,,,,,
34.41,7866,1,9019,0.5715975,2.7865681200000005,256,,,,,
34.44,7872,1,9157,0.5650425000000003,2.76322747,260,,,,,
34.4,7882,1,9287,0.5588675000000001,2.77587489,264,,,,,
34.54,7896,1,9439,0.5516475000000002,2.76089713,268,,,,,
34.56,7901,1,9578,0.5450450000000002,2.7978369400000003,272,,,,,
34.34,7908,1,9707,0.5389175000000002,2.74867562,276,,,,,
34.21,7920,1,9851,0.5320774999999995,2.76141942,280,,,,,
,,,10000,0.5250474999999999,,,5.5485574,17.6,,,
34.65,7723,1,10017,0.5241924999999996,2.5951834899999993,284,,,,,
34.51,7738,1,10151,0.5178275000000001,2.5938833199999998,288,,,,,
34.78,7752,1,10304,0.5105599999999999,2.5156308999999997,292,,,,,
35.13,7762,1,10446,0.5038150000000001,2.43649625,296,,,,,
35.39,7759,1,10599,0.4965474999999999,2.35807198,300,,,,,
35.56,7773,1,10778,0.4880450000000002,2.3170121299999997,304,,,,,
35.9,7789,1,10922,0.48120499999999955,2.25506579,308,,,,,
36.1,7795,1,11076,0.47389000000000014,2.22055465,312,,,,,
36.49,7803,1,11248,0.46572000000000047,2.20316949,316,,,,,
36.3,7807,1,11400,0.4584999999999996,2.30897208,320,,,,,
36.26,7794,1,11565,0.45066249999999997,2.35408424,324,,,,,
35.88,7793,1,11658,0.44624500000000056,2.4228551599999997,328,,,,,
35.84,7805,1,11787,0.4401175000000004,2.4296647199999994,332,,,,,
35.91,7822,1,11932,0.43322999999999967,2.43171479,336,,,,,
35.78,7811,1,12057,0.42729249999999974,2.5054868299999997,340,,,,,
35.6,7814,1,12183,0.4213074999999996,2.5354569300000005,344,,,,,
35.52,7820,1,12327,0.4144675000000001,2.59413276,348,,,,,
35.74,7825,1,12456,0.40834000000000004,2.54465206,352,,,,,
35.68,7820,1,12587,0.40211750000000046,2.5449734,356,,,,,
35.6,7828,1,12717,0.3959425,2.546056089999999,360,,,,,
35.38,7833,1,12825,0.3908125000000001,2.581406039999999,364,,,,,
35.44,7842,1,12983,0.3833074999999996,2.50111512,368,,,,,
35.67,7848,1,13145,0.3756124999999998,2.44109441,372,,,,,
35.61,7856,1,13268,0.3697700000000005,2.4841483799999993,376,,,,,
35.85,7862,1,13436,0.36178999999999983,2.38794272,380,,,,,
35.67,7867,1,13584,0.3547600000000002,2.55038036,384,,,,,
35.63,7874,1,13714,0.3485849999999998,2.56986632,388,,,,,
35.72,7885,1,13876,0.34089,2.64175788,392,,,,,
35.67,7892,1,14013,0.3343824999999996,2.6578235,396,,,,,
35.52,7901,1,14151,0.32782749999999994,2.656487200000001,400,,,,,
34.89,7904,1,14267,0.3223174999999997,2.81300805,404,,,,,
34.84,7911,1,14406,0.31571499999999975,2.8211036099999998,408,,,,,
34.78,7917,1,14554,0.3086850000000001,2.86463448,412,,,,,
34.23,7917,1,14671,0.30312749999999955,2.9370288999999996,416,,,,,
34.02,7922,1,14802,0.296905,3.0264465799999996,420,,,,,
33.93,7931,1,14958,0.28949499999999984,3.0384710600000004,424,,,,,
,,,15000,0.28754749999999984,,,5.6149176,19.0,,,
34.11,7804,1,15069,0.28422250000000004,3.0070667499999995,428,,,,,
34.2,7816,1,15207,0.2776675000000005,3.0044226800000002,432,,,,,
34.11,7830,1,15343,0.27120750000000027,3.0438276799999993,436,,,,,
33.82,7832,1,15439,0.26664750000000004,3.05581916,440,,,,,
34.13,7838,1,15596,0.2591900000000007,2.965955469999999,444,,,,,
34.52,7851,2,15779,0.2504974999999997,2.8613100699999996,448,,,,,
34.75,7860,2,15931,0.2432774999999998,2.87946975,452,,,,,
34.92,7863,2,16079,0.23624750000000017,2.8511262200000003,456,,,,,
34.86,7868,2,16203,0.23035749999999955,2.8477135400000004,460,,,,,
35.16,7875,2,16341,0.2238024999999998,2.77182349,464,,,,,
35.23,7882,2,16506,0.21596500000000018,2.7517441700000007,468,,,,,
35.07,7891,2,16652,0.20903000000000005,2.7154576800000005,472,,,,,
34.88,7895,2,16756,0.20409000000000033,2.75868036,476,,,,,
34.64,7900,2,16900,0.19724999999999993,2.86135142,480,,,,,
34.46,7902,2,17030,0.19107499999999955,2.8872079899999994,484,,,,,
34.95,7912,2,17209,0.1825724999999997,2.74510576,488,,,,,
34.78,7919,2,17354,0.17568499999999998,2.756107509999999,492,,,,,
34.81,7926,2,17494,0.1690349999999996,2.7841409999999995,496,,,,,
35.0,7932,2,17651,0.16157750000000037,2.7179474700000004,500,,,,,
35.34,7940,2,17801,0.1544525000000001,2.62562409,504,,,,,
35.62,7950,2,17968,0.14651999999999987,2.5756606200000003,508,,,,,
35.59,7953,2,18113,0.13963249999999994,2.5204609,512,,,,,
36.27,7964,2,18298,0.13084500000000043,2.41651572,516,,,,,
36.51,7971,2,18453,0.1234824999999996,2.33349804,520,,,,,
36.38,7974,2,18596,0.11669000000000052,2.3881679599999996,524,,,,,
36.54,7979,2,18723,0.11065749999999996,2.3890255600000008,528,,,,,
36.5,7982,2,18857,0.10429250000000057,2.3881928500000003,532,,,,,
36.31,7989,2,18974,0.09873500000000002,2.28280224,536,,,,,
36.57,7990,2,19096,0.09293999999999991,2.24268455,540,,,,,
36.5,7996,2,19246,0.08581499999999975,2.2994776900000002,544,,,,,
36.15,8004,2,19394,0.0787850000000001,2.32534044,548,,,,,
36.08,8008,2,19539,0.07189750000000039,2.29081188,552,,,,,
35.87,8013,2,19666,0.06586499999999984,2.2564884,556,,,,,
36.15,8021,2,19818,0.05864499999999995,2.2272006200000005,560,,,,,
36.12,8024,2,19953,0.052232500000000126,2.27305877,564,,,,,
,,,20000,0.05004749999999958,,,5.543571599999999,17.2,,,
35.79,7933,2,20085,0.05,2.3914745600000002,568,,,,,
35.92,7945,2,20244,0.05,2.3680543700000003,572,,,,,
36.57,7956,2,20413,0.05,2.1758983599999997,576,,,,,
36.34,7956,2,20534,0.05,2.25323786,580,,,,,
36.78,7967,2,20708,0.05,2.17923157,584,,,,,
36.17,7971,2,20826,0.05,2.3341443600000003,588,,,,,
36.17,7969,2,20971,0.05,2.2582133000000004,592,,,,,
36.17,7854,2,21111,0.05,2.1969139299999996,596,,,,,
36.15,7786,2,21266,0.05,2.27092613,600,,,,,
35.92,7788,2,21393,0.05,2.33794279,604,,,,,
35.77,7793,2,21545,0.05,2.36238932,608,,,,,
36.17,7803,2,21730,0.05,2.283293,612,,,,,
36.05,7814,2,21903,0.05,2.19682366,616,,,,,
36.09,7819,2,22062,0.05,2.15127128,620,,,,,
36.27,7829,2,22223,0.05,2.1434004499999997,624,,,,,
36.33,7836,2,22356,0.05,2.13105113,628,,,,,
36.17,7841,2,22474,0.05,2.1450926100000003,632,,,,,
36.82,7850,2,22656,0.05,2.1633033200000007,636,,,,,
36.91,7855,2,22787,0.05,2.1167876699999995,640,,,,,
36.73,7860,2,22919,0.05,2.1575732,644,,,,,
36.71,7865,2,23065,0.05,2.1572124500000003,648,,,,,
36.47,7870,2,23186,0.05,2.2072401399999997,652,,,,,
36.7,7879,2,23336,0.05,2.12994631,656,,,,,
36.48,7885,2,23466,0.05,2.18337123,660,,,,,
36.28,7884,2,23581,0.05,2.1149729600000002,664,,,,,
36.54,7890,3,23739,0.05,2.0824122,668,,,,,
36.21,7893,3,23865,0.05,2.15563799,672,,,,,
35.86,7897,3,23999,0.05,2.3034660899999997,676,,,,,
36.05,7897,3,24139,0.05,2.25867373,680,,,,,
35.58,7901,3,24266,0.05,2.3017755899999996,684,,,,,
36.03,7908,3,24429,0.05,2.2186634099999996,688,,,,,
36.02,7911,3,24573,0.05,2.2245979399999998,692,,,,,
35.93,7917,3,24704,0.05,2.3002303499999996,696,,,,,
35.94,7926,3,24860,0.05,2.2775923199999997,700,,,,,
,,,25000,0.05,,,5.6444314,20.0,,,
36.29,7848,3,25022,0.05,2.26995109,704,,,,,
36.27,7859,3,25172,0.05,2.3173102400000003,708,,,,,
35.8,7867,3,25310,0.05,2.41446089,712,,,,,
35.26,7875,3,25429,0.05,2.60059783,716,,,,,
35.19,7881,3,25581,0.05,2.63133005,720,,,,,
34.68,7885,3,25691,0.05,2.674530849999999,724,,,,,
34.64,7889,3,25820,0.05,2.6577817799999996,728,,,,,
34.81,7894,3,25955,0.05,2.62919328,732,,,,,
34.46,7898,3,26102,0.05,2.6436219700000003,736,,,,,
34.49,7903,3,26236,0.05,2.71427052,740,,,,,
34.64,7910,3,26383,0.05,2.5516881799999998,744,,,,,
34.52,7914,3,26517,0.05,2.6347758900000002,748,,,,,
34.52,7917,3,26638,0.05,2.6308534000000003,752,,,,,
34.48,7922,3,26784,0.05,2.7222833599999996,756,,,,,
34.52,7929,3,26918,0.05,2.67271041,760,,,,,
34.88,7932,3,27069,0.05,2.6690388400000007,764,,,,,
34.83,7938,3,27222,0.05,2.6697840599999996,768,,,,,
34.76,7942,3,27341,0.05,2.691854599999999,772,,,,,
34.64,7945,3,27463,0.05,2.6973108400000005,776,,,,,
34.87,7950,3,27626,0.05,2.6281311,780,,,,,
34.95,7953,3,27761,0.05,2.635166000000001,784,,,,,
34.94,7960,3,27923,0.05,2.61712424,788,,,,,
35.01,7964,3,28074,0.05,2.64522858,792,,,,,
35.04,7968,3,28208,0.05,2.6267356300000007,796,,,,,
35.07,7974,3,28367,0.05,2.62204785,800,,,,,
34.82,7977,3,28504,0.05,2.5773129299999997,804,,,,,
34.49,7977,3,28621,0.05,2.59820872,808,,,,,
34.23,7979,3,28733,0.05,2.62377786,812,,,,,
34.35,7982,3,28864,0.05,2.6148408,816,,,,,
34.39,7987,3,29020,0.05,2.6981703500000007,820,,,,,
34.87,7991,3,29178,0.05,2.56240901,824,,,,,
35.02,7996,3,29322,0.05,2.5484696799999997,828,,,,,
34.84,8001,3,29439,0.05,2.5972839199999997,832,,,,,
34.81,8004,3,29583,0.05,2.61749233,836,,,,,
34.92,8010,3,29728,0.05,2.55098862,840,,,,,
35.02,8017,3,29885,0.05,2.61657721,844,,,,,
,,,30000,0.05,,,5.6185382,18.6,,,
35.08,7956,3,30025,0.05,2.5471051900000004,848,,,,,
35.36,7963,3,30174,0.05,2.46365882,852,,,,,
35.05,7966,3,30289,0.05,2.52707623,856,,,,,
34.9,7972,3,30408,0.05,2.56912554,860,,,,,
34.97,7974,3,30566,0.05,2.5874929999999994,864,,,,,
34.8,7980,3,30702,0.05,2.62739852,868,,,,,
35.17,7988,3,30858,0.05,2.48463227,872,,,,,
35.04,7990,3,30967,0.05,2.49254038,876,,,,,
34.36,7989,3,31062,0.05,2.63266017,880,,,,,
34.39,7993,3,31200,0.05,2.6453809499999994,884,,,,,
34.1,7997,3,31333,0.05,2.73925654,888,,,,,
34.06,8003,3,31480,0.05,2.77753111,892,,,,,
34.04,8006,3,31612,0.05,2.7427419900000003,896,,,,,
33.99,8011,3,31766,0.05,2.8079736000000004,900,,,,,
33.82,8015,3,31886,0.05,2.8470911,904,,,,,
34.19,8018,3,32040,0.05,2.7895016599999995,908,,,,,
34.69,8024,4,32202,0.05,2.6916499299999996,912,,,,,
35.04,8031,4,32368,0.05,2.5460496699999995,916,,,,,
34.93,8035,4,32513,0.05,2.55471543,920,,,,,
34.56,8038,4,32634,0.05,2.6731435,924,,,,,
34.5,8042,4,32772,0.05,2.7056253200000002,928,,,,,
35.16,8049,4,32955,0.05,2.6296181,932,,,,,
35.11,8052,4,33094,0.05,2.6051491199999997,936,,,,,
34.99,8055,4,33227,0.05,2.6696053399999995,940,,,,,
35.0,8060,4,33385,0.05,2.64860104,944,,,,,
34.98,8061,4,33523,0.05,2.6547874300000007,948,,,,,
34.91,8063,4,33665,0.05,2.716110820000001,952,,,,,
34.94,8064,4,33783,0.05,2.7286463299999997,956,,,,,
35.5,8069,4,33958,0.05,2.5773424599999997,960,,,,,
35.2,8070,4,34086,0.05,2.6453448500000003,964,,,,,
35.3,8073,4,34232,0.05,2.60934652,968,,,,,
35.26,8078,4,34384,0.05,2.5960131800000004,972,,,,,
35.41,8078,4,34508,0.05,2.5959502600000004,976,,,,,
35.95,8082,4,34657,0.05,2.5208266200000002,980,,,,,
35.99,8084,4,34799,0.05,2.50568193,984,,,,,
36.27,8084,4,34960,0.05,2.42867324,988,,,,,
,,,35000,0.05,,,5.576644,18.8,,,
36.28,8028,4,35108,0.05,2.41750425,992,,,,,
36.7,8036,4,35282,0.05,2.4409641300000002,996,,,,,
36.68,8040,4,35434,0.05,2.4517816100000003,1000,,,,,
36.94,8043,4,35580,0.05,2.4059196600000003,1004,,,,,
36.77,8047,4,35717,0.05,2.43604011,1008,,,,,
36.59,8051,4,35861,0.05,2.4837609100000004,1012,,,,,
36.38,8054,4,36006,0.05,2.62455843,1016,,,,,
36.42,8058,4,36155,0.05,2.6192122999999996,1020,,,,,
36.49,8061,4,36283,0.05,2.6126568900000002,1024,,,,,
36.49,8065,4,36421,0.05,2.54287332,1028,,,,,
35.8,8065,4,36535,0.05,2.6362224100000002,1032,,,,,
35.91,8067,4,36685,0.05,2.6270020699999996,1036,,,,,
35.82,8071,4,36809,0.05,2.63129904,1040,,,,,
35.78,8075,4,36963,0.05,2.72369022,1044,,,,,
35.58,8076,4,37081,0.05,2.80158112,1048,,,,,
35.45,8079,4,37210,0.05,2.800699610000001,1052,,,,,
35.71,8082,4,37354,0.05,2.777802690000001,1056,,,,,
35.4,8085,4,37498,0.05,2.9140656899999997,1060,,,,,
35.79,8089,4,37665,0.05,2.85906472,1064,,,,,
35.58,8091,4,37790,0.05,2.9120605999999998,1068,,,,,
35.58,8098,4,37942,0.05,2.9826536,1072,,,,,
35.62,8100,4,38070,0.05,2.9778270999999994,1076,,,,,
35.49,8103,4,38206,0.05,2.9881247199999996,1080,,,,,
35.37,8107,4,38336,0.05,2.9821023,1084,,,,,
34.87,8110,4,38447,0.05,3.0738989300000004,1088,,,,,
34.74,8111,4,38582,0.05,3.02470895,1092,,,,,
34.27,8114,4,38709,0.05,3.0279785899999996,1096,,,,,
34.08,8117,4,38842,0.05,2.980991479999999,1100,,,,,
34.03,8120,4,38983,0.05,3.04129487,1104,,,,,
34.05,8122,4,39122,0.05,3.0167882899999996,1108,,,,,
34.36,8127,4,39297,0.05,2.9166046899999998,1112,,,,,
34.23,8129,4,39429,0.05,2.9362319699999997,1116,,,,,
34.34,8131,4,39589,0.05,2.7864134899999993,1120,,,,,
34.62,8135,4,39745,0.05,2.71456661,1124,,,,,
35.0,8141,4,39921,0.05,2.7402361499999994,1128,,,,,
,,,40000,0.05,,,5.580239,17.2,,,
35.57,8098,4,40092,0.05,2.60860746,1132,,,,,
35.49,8101,4,40234,0.05,2.56082987,1136,,,,,
35.22,8103,4,40331,0.05,2.58036853,1140,,,,,
35.07,8105,4,40470,0.05,2.5274463,1144,,,,,
35.28,8107,5,40609,0.05,2.52420156,1148,,,,,
35.42,8110,5,40752,0.05,2.5019695600000005,1152,,,,,
35.52,8112,5,40906,0.05,2.4889221200000002,1156,,,,,
35.29,8112,5,41027,0.05,2.51259247,1160,,,,,
35.18,8116,5,41183,0.05,2.47192873,1164,,,,,
35.2,8118,5,41310,0.05,2.4315158599999993,1168,,,,,
35.22,8121,5,41464,0.05,2.4834584299999998,1172,,,,,
35.08,8120,5,41578,0.05,2.5160912599999996,1176,,,,,
35.21,8123,5,41727,0.05,2.45699737,1180,,,,,
34.88,8124,5,41824,0.05,2.51064646,1184,,,,,
35.52,8130,5,41999,0.05,2.3069172499999997,1188,,,,,
36.03,8133,5,42185,0.05,2.18142786,1192,,,,,
36.4,8137,5,42349,0.05,2.14138124,1196,,,,,
36.32,8140,5,42474,0.05,2.1868559199999997,1200,,,,,
36.46,8143,5,42629,0.05,2.0802336800000005,1204,,,,,
36.43,8146,5,42765,0.05,2.12078187,1208,,,,,
36.3,8151,5,42927,0.05,2.18155469,1212,,,,,
36.29,8152,5,43058,0.05,2.17514039,1216,,,,,
36.11,8155,5,43200,0.05,2.3114756700000005,1220,,,,,
35.99,8159,5,43344,0.05,2.37317969,1224,,,,,
35.64,8163,5,43485,0.05,2.4081346700000004,1228,,,,,
35.17,8163,5,43609,0.05,2.49423282,1232,,,,,
34.76,8163,5,43710,0.05,2.6425136100000004,1236,,,,,
35.26,8166,5,43857,0.05,2.59157486,1240,,,,,
35.08,8169,5,43978,0.05,2.69070724,1244,,,,,
35.04,8170,5,44113,0.05,2.6638738799999993,1248,,,,,
34.96,8174,5,44248,0.05,2.70285459,1252,,,,,
34.79,8177,5,44385,0.05,2.706249959999999,1256,,,,,
35.01,8067,5,44528,0.05,2.6949849600000007,1260,,,,,
34.98,8065,5,44681,0.05,2.7006856999999997,1264,,,,,
35.08,8067,5,44818,0.05,2.697249320000001,1268,,,,,
35.04,8070,5,44968,0.05,2.67493341,1272,,,,,
,,,45000,0.05,,,5.6804638,21.2,,,
35.28,8017,5,45106,0.05,2.6340373800000005,1276,,,,,
35.08,8019,5,45235,0.05,2.7303397300000007,1280,,,,,
35.43,8024,5,45367,0.05,2.69489901,1284,,,,,
35.15,8027,5,45514,0.05,2.849447050000001,1288,,,,,
34.84,8030,5,45669,0.05,2.95810652,1292,,,,,
34.71,8034,5,45820,0.05,2.9621475200000003,1296,,,,,
34.81,8036,5,45955,0.05,2.9787511500000003,1300,,,,,
34.76,8037,5,46105,0.05,3.0019141200000004,1304,,,,,
34.6,8039,5,46225,0.05,2.9782445500000008,1308,,,,,
34.19,8042,5,46346,0.05,3.06034148,1312,,,,,
33.97,8044,5,46455,0.05,3.0789850399999996,1316,,,,,
33.94,8045,5,46594,0.05,3.0887338199999994,1320,,,,,
33.96,8047,5,46740,0.05,3.0656501499999997,1324,,,,,
33.9,8049,5,46875,0.05,3.0434084000000006,1328,,,,,
34.14,8051,5,47023,0.05,2.9962032300000003,1332,,,,,
34.83,8054,5,47193,0.05,2.93015203,1336,,,,,
34.73,8056,5,47330,0.05,2.9653340800000008,1340,,,,,
34.85,8058,5,47463,0.05,2.89374867,1344,,,,,
35.28,8061,5,47641,0.05,2.78253491,1348,,,,,
35.21,8063,5,47769,0.05,2.80769821,1352,,,,,
35.02,8066,5,47887,0.05,2.82607308,1356,,,,,
34.97,8069,5,48025,0.05,2.825726330000001,1360,,,,,
34.44,8071,5,48125,0.05,2.94141072,1364,,,,,
34.31,8073,5,48249,0.05,2.9129933999999995,1368,,,,,
34.56,8078,5,48424,0.05,2.7836589600000003,1372,,,,,
34.8,8079,6,48586,0.05,2.7005534499999997,1376,,,,,
34.95,8084,6,48730,0.05,2.64147422,1380,,,,,
35.11,8087,6,48878,0.05,2.53521743,1384,,,,,
35.32,8089,6,49046,0.05,2.4266942200000003,1388,,,,,
35.29,8092,6,49198,0.05,2.4973904300000003,1392,,,,,
35.39,8095,6,49359,0.05,2.42396778,1396,,,,,
35.51,8097,6,49506,0.05,2.43154378,1400,,,,,
35.69,8100,6,49674,0.05,2.46600421,1404,,,,,
35.98,8103,6,49823,0.05,2.4073811499999995,1408,,,,,
36.24,8107,6,49970,0.05,2.37353377,1412,,,,,
,,,50000,0.05,,,5.629665,19.6,,,
36.1,7998,6,50065,0.05,2.41003094,1416,,,16,0.1645786315202713,0.0001
35.46,7935,6,50140,0.05,2.49531359,1420,,,34,0.16273078322410583,0.0001
34.71,7874,6,50211,0.05,2.61892696,1424,,,52,0.16030679643154144,0.0001
34.17,7808,6,50292,0.05,2.7319876900000004,1428,,,72,0.01447216048836708,0.0001
33.38,7748,6,50361,0.05,2.8675111099999997,1432,,,90,0.009386011399328709,0.0001
32.51,7683,6,50444,0.05,2.9856572900000002,1436,,,110,0.15383361279964447,0.0001
31.9,7620,6,50520,0.05,3.0607613299999996,1440,,,129,0.009419507347047329,0.0001
31.49,7549,6,50612,0.05,3.17731069,1444,,,152,0.43436941504478455,0.0001
30.5,7484,6,50691,0.05,3.382117600000001,1448,,,172,0.010772786103188992,0.0001
29.99,7427,6,50768,0.05,3.43195465,1452,,,191,0.009697431698441505,0.0001
29.59,7366,6,50846,0.05,3.5019861100000003,1456,,,211,0.41183847188949585,0.0001
28.99,7311,6,50924,0.05,3.5794831499999997,1460,,,230,0.28510910272598267,0.0001
28.75,7251,7,51000,0.05,3.6121979299999993,1464,,,249,0.009684517979621887,0.0001
28.28,7184,7,51077,0.05,3.7437912399999993,1468,,,269,0.1417768895626068,0.0001
27.4,7103,7,51164,0.05,4.014149559999999,1472,,,290,0.1403665542602539,0.0001
26.58,7029,7,51244,0.05,4.1884521,1476,,,310,0.005694494117051363,0.0001
25.97,6945,7,51327,0.05,4.32391946,1480,,,331,0.00457526370882988,0.0001
25.12,6868,7,51390,0.05,4.50293495,1484,,,347,0.007548924535512924,0.0001
24.25,6803,7,51471,0.05,4.71845463,1488,,,367,0.2758825421333313,0.0001
23.5,6738,7,51548,0.05,4.81565429,1492,,,386,0.14384040236473083,0.0001
22.71,6672,7,51630,0.05,5.04373126,1496,,,407,0.007824785076081753,0.0001
22.09,6608,7,51715,0.05,5.11250256,1500,,,428,0.005001936107873917,0.0001
21.15,6550,7,51789,0.05,5.24992607,1504,,,447,0.0059179263189435005,0.0001
20.38,6495,7,51861,0.05,5.420267020000001,1508,,,465,0.27829405665397644,0.0001
19.84,6444,8,51954,0.05,5.536477960000001,1512,,,488,0.0062412843108177185,0.0001
19.58,6407,8,52023,0.05,5.551290980000001,1516,,,505,0.1371416598558426,0.0001
19.71,6360,8,52111,0.05,5.555104120000001,1520,,,527,0.2696192264556885,0.0001
19.73,6322,8,52184,0.05,5.55414572,1524,,,545,0.0074508474208414555,0.0001
19.79,6276,8,52271,0.05,5.55438494,1528,,,567,0.5293943881988525,0.0001
19.84,6239,8,52345,0.05,5.557637549999999,1532,,,586,0.1310579925775528,0.0001
19.82,6201,8,52426,0.05,5.549308300000002,1536,,,606,0.005948891397565603,0.0001
19.81,6162,8,52501,0.05,5.545656919999999,1540,,,625,0.13797707855701447,0.0001
19.5,6131,8,52562,0.05,5.544332300000001,1544,,,640,0.25548815727233887,0.0001
19.4,6097,8,52631,0.05,5.539274010000001,1548,,,657,0.006954480893909931,0.0001
19.64,6051,8,52732,0.05,5.5478980999999985,1552,,,682,0.00862322561442852,0.0001
19.76,6011,8,52822,0.05,5.5519620199999995,1556,,,705,0.006671444047242403,0.0001
19.86,5970,8,52910,0.05,5.5692013099999995,1560,,,727,0.13384892046451569,0.0001
19.97,5934,8,52997,0.05,5.586201759999999,1564,,,749,0.2434195578098297,0.0001
20.15,5892,9,53092,0.05,5.598363759999999,1568,,,772,0.005032197572290897,0.0001
20.3,5848,9,53194,0.05,5.608803159999999,1572,,,798,0.12658919394016266,0.0001
20.48,5809,9,53292,0.05,5.62574748,1576,,,822,0.1250695288181305,0.0001
20.48,5773,9,53375,0.05,5.637054480000001,1580,,,843,0.0036557712592184544,0.0001
20.74,5734,9,53464,0.05,5.646422909999999,1584,,,865,0.12530086934566498,0.0001
20.8,5693,9,53551,0.05,5.65610829,1588,,,887,0.00603084871545434,0.0001
21.04,5655,9,53652,0.05,5.674547950000001,1592,,,912,0.007589510176330805,0.0001
21.11,5620,9,53741,0.05,5.672576779999999,1596,,,935,0.24224328994750977,0.0001
21.11,5588,9,53826,0.05,5.675366479999999,1600,,,956,0.00879661738872528,0.0001
21.17,5557,9,53906,0.05,5.68967533,1604,,,976,0.11690718680620193,0.0001
21.23,5527,9,53984,0.05,5.69819702,1608,,,995,0.11854090541601181,0.0001
21.18,5495,9,54072,0.05,5.701050309999999,1612,,,1017,0.23382779955863953,0.0001
21.56,5457,9,54179,0.05,5.730634410000001,1616,,,1044,0.0044041904620826244,0.0001
21.44,5430,9,54255,0.05,5.736090909999999,1620,,,1063,0.11242429912090302,0.0001
21.42,5404,10,54326,0.05,5.74429677,1624,,,1081,0.0070766666904091835,0.0001
21.35,5374,10,54406,0.05,5.749399889999999,1628,,,1101,0.22613589465618134,0.0001
21.29,5351,10,54474,0.05,5.76608252,1632,,,1118,0.11550254374742508,0.0001
21.11,5327,10,54537,0.05,5.77513681,1636,,,1134,0.10939809679985046,0.0001
21.35,5294,10,54636,0.05,5.80665396,1640,,,1158,0.008808597922325134,0.0001
21.46,5270,10,54708,0.05,5.81571826,1644,,,1176,0.006362180691212416,0.0001
21.4,5247,10,54771,0.05,5.824074840000001,1648,,,1192,0.009962286800146103,0.0001
21.03,5222,10,54835,0.05,5.8211963,1652,,,1208,0.009042521938681602,0.0001
20.77,5199,10,54899,0.05,5.82294889,1656,,,1224,0.006974199786782265,0.0001
20.47,5178,10,54957,0.05,5.81844729,1660,,,1239,0.004741634242236614,0.0001
,,,55000,0.05,,,5.778271,15.2,1249,0.2143113911151886,0.0001
20.29,5105,10,55026,0.05,5.818830940000001,1664,,,1256,0.011102497577667236,0.0001
20.13,5079,10,55105,0.05,5.8257970000000014,1668,,,1276,0.00907385814934969,0.0001
19.7,5060,10,55164,0.05,5.809257730000001,1672,,,1290,0.20535291731357574,0.0001
19.42,5037,10,55234,0.05,5.800357039999999,1676,,,1308,0.19037142395973206,0.0001
19.22,5016,11,55297,0.05,5.79221553,1680,,,1324,0.10590101033449173,0.0001
19.0,4994,11,55364,0.05,5.79396225,1684,,,1340,0.10528899729251862,0.0001
18.81,4967,11,55432,0.05,5.800280960000001,1688,,,1357,0.10474716871976852,0.0001
18.47,4939,11,55499,0.05,5.7971607800000005,1692,,,1374,0.10096442699432373,0.0001
18.18,4917,11,55559,0.05,5.807887999999999,1696,,,1389,0.09734074026346207,0.0001
18.12,4889,11,55638,0.05,5.765333579999999,1700,,,1409,0.01611142046749592,0.0001
18.04,4856,11,55710,0.05,5.774049580000001,1704,,,1427,0.007468623109161854,0.0001
17.91,4831,11,55775,0.05,5.7827354,1708,,,1443,0.09817419946193695,0.0001
17.76,4803,11,55848,0.05,5.7595221400000005,1712,,,1461,0.007507113739848137,0.0001
17.23,4780,11,55902,0.05,5.74966912,1716,,,1475,0.2735626995563507,0.0001
17.04,4760,11,55959,0.05,5.757554969999998,1720,,,1489,0.01168268546462059,0.0001
16.9,4737,11,56016,0.05,5.76702828,1724,,,1503,0.03269441798329353,0.0001
16.72,4715,11,56078,0.05,5.772129810000001,1728,,,1519,0.010007423348724842,0.0001
16.66,4694,11,56140,0.05,5.77782098,1732,,,1534,0.01576624996960163,0.0001
16.55,4675,12,56192,0.05,5.78969841,1736,,,1547,0.4671635031700134,0.0001
16.33,4645,12,56269,0.05,5.674292650000001,1740,,,1567,0.177787184715271,0.0001
16.3,4623,12,56338,0.05,5.589485780000001,1744,,,1584,0.013012331910431385,0.0001
16.32,4603,12,56403,0.05,5.54284285,1748,,,1600,0.09717806428670883,0.0001
16.21,4586,12,56456,0.05,5.55570394,1752,,,1613,0.08445834368467331,0.0001
16.06,4566,12,56505,0.05,5.560600609999999,1756,,,1626,0.18519249558448792,0.0001
16.01,4549,12,56558,0.05,5.57321589,1760,,,1639,0.011126808822154999,0.0001
15.86,4532,12,56612,0.05,5.57816798,1764,,,1652,0.020861422643065453,0.0001
15.57,4515,12,56662,0.05,5.582945709999999,1768,,,1665,0.023927200585603714,0.0001
15.59,4496,12,56723,0.05,5.565697340000002,1772,,,1680,0.006835895590484142,0.0001
15.4,4477,12,56774,0.05,5.56290459,1776,,,1693,0.19830439984798431,0.0001
15.22,4463,12,56819,0.05,5.570264380000001,1780,,,1704,0.07228168100118637,0.0001
15.04,4448,12,56868,0.05,5.5662096000000005,1784,,,1716,0.015567097812891006,0.0001
15.05,4427,12,56937,0.05,5.461018310000001,1788,,,1734,0.07721830904483795,0.0001
15.12,4405,12,57011,0.05,5.407699300000001,1792,,,1752,0.061150915920734406,0.0001
14.93,4391,12,57052,0.05,5.408856900000001,1796,,,1762,0.12940490245819092,0.0001
14.64,4375,13,57102,0.05,5.4586267799999995,1800,,,1775,0.12733939290046692,0.0001
14.37,4362,13,57147,0.05,5.443473499999999,1804,,,1786,0.014632878825068474,0.0001
14.16,4348,13,57191,0.05,5.435141120000001,1808,,,1797,0.16595607995986938,0.0001
14.84,4308,13,57332,0.05,4.86130478,1812,,,1832,0.0217709019780159,0.0001
15.11,4277,13,57413,0.05,4.7657435900000005,1816,,,1853,0.11404967308044434,0.0001
15.02,4260,13,57461,0.05,4.75687722,1820,,,1865,0.028031624853610992,0.0001
15.07,4246,13,57523,0.05,4.729764850000001,1824,,,1880,0.10195877403020859,0.0001
14.94,4235,13,57572,0.05,4.731529800000001,1828,,,1892,0.061505287885665894,0.0001
14.76,4225,13,57616,0.05,4.727851970000001,1832,,,1903,0.07026013731956482,0.0001
14.77,4212,13,57669,0.05,4.700955189999999,1836,,,1917,0.07494726032018661,0.0001
14.42,4203,13,57711,0.05,4.79855618,1840,,,1927,0.05035866051912308,0.0001
14.18,4193,13,57756,0.05,4.891392530000001,1844,,,1938,0.05592422932386398,0.0001
14.01,4182,13,57804,0.05,4.946584980000001,1848,,,1950,0.058142177760601044,0.0001
13.91,4172,13,57847,0.05,4.945924999999999,1852,,,1961,0.0699586421251297,0.0001
13.92,4160,13,57897,0.05,4.944553969999999,1856,,,1974,0.07958118617534637,0.0001
13.93,4149,13,57951,0.05,4.945431190000001,1860,,,1987,0.038470394909381866,0.0001
13.87,4139,14,57999,0.05,4.95193622,1864,,,1999,0.016974035650491714,0.0001
13.85,4128,14,58047,0.05,4.9507669000000005,1868,,,2011,0.13452324271202087,0.0001
13.76,4117,14,58099,0.05,4.99032185,1872,,,2024,0.050953835248947144,0.0001
13.66,4108,14,58140,0.05,4.99989834,1876,,,2034,0.04990105703473091,0.0001
13.6,4100,14,58179,0.05,5.00248748,1880,,,2044,0.09081891924142838,0.0001
13.7,4088,14,58238,0.05,4.97600491,1884,,,2059,0.02642899937927723,0.0001
13.57,4076,14,58294,0.05,5.04056671,1888,,,2073,0.09082989394664764,0.0001
13.3,4064,14,58341,0.05,5.08353118,1892,,,2085,0.029515761882066727,0.0001
13.32,4054,14,58384,0.05,5.0848588999999995,1896,,,2095,0.014881730079650879,0.0001
13.26,4045,14,58428,0.05,5.08791861,1900,,,2106,0.06023779511451721,0.0001
13.26,4035,14,58473,0.05,5.10021451,1904,,,2118,0.06681310385465622,0.0001
13.37,4024,14,58528,0.05,5.08945872,1908,,,2131,0.08049072325229645,0.0001
12.42,4015,14,58574,0.05,5.68964596,1912,,,2143,0.056304123252630234,0.0001
12.09,4002,14,58622,0.05,5.7886716699999985,1916,,,2155,0.042053647339344025,0.0001
12.04,3991,14,58665,0.05,5.79611752,1920,,,2166,0.01958077773451805,0.0001
11.9,3980,14,58713,0.05,5.81259196,1924,,,2178,0.0617976151406765,0.0001
11.83,3970,14,58755,0.05,5.8113699599999995,1928,,,2188,0.08106411248445511,0.0001
11.87,3960,14,58803,0.05,5.8073175,1932,,,2200,0.021028192713856697,0.0001
11.82,3949,14,58851,0.05,5.825750370000001,1936,,,2212,0.02850070595741272,0.0001
11.84,3936,14,58895,0.05,5.83295145,1940,,,2223,0.03981200233101845,0.0001
11.9,3923,15,58946,0.05,5.817467560000001,1944,,,2236,0.01958506554365158,0.0001
11.91,3913,15,58995,0.05,5.814170860000001,1948,,,2248,0.03996920585632324,0.0001
11.93,3902,15,59040,0.05,5.814639789999998,1952,,,2259,0.050490852445364,0.0001
11.92,3890,15,59089,0.05,5.82157233,1956,,,2272,0.020343270152807236,0.0001
11.86,3880,15,59137,0.05,5.81694107,1960,,,2284,0.0251099094748497,0.0001
11.87,3869,15,59186,0.05,5.80790501,1964,,,2296,0.027005063369870186,0.0001
11.97,3857,15,59244,0.05,5.79831744,1968,,,2310,0.02746986225247383,0.0001
11.96,3847,15,59295,0.05,5.783594900000001,1972,,,2323,0.024729395285248756,0.0001
12.07,3835,15,59347,0.05,5.768389569999999,1976,,,2336,0.03155052661895752,0.0001
12.33,3818,15,59412,0.05,5.748103749999999,1980,,,2352,0.026705121621489525,0.0001
12.33,3806,15,59471,0.05,5.768657940000001,1984,,,2367,0.018892129883170128,0.0001
12.33,3796,15,59527,0.05,5.809397909999999,1988,,,2381,0.06099940091371536,0.0001
12.41,3784,15,59582,0.05,5.821343549999998,1992,,,2395,0.039667919278144836,0.0001
12.41,3777,15,59625,0.05,5.819336729999999,1996,,,2406,0.025737319141626358,0.0001
12.39,3769,15,59667,0.05,5.81456412,2000,,,2416,0.02285088784992695,0.0001
12.42,3761,15,59715,0.05,5.79788909,2004,,,2428,0.03280816599726677,0.0001
12.41,3752,15,59769,0.05,5.80527405,2008,,,2442,0.03112892434000969,0.0001
12.44,3744,15,59818,0.05,5.801248550000001,2012,,,2454,0.020912745967507362,0.0001
12.43,3736,16,59865,0.05,5.795705630000001,2016,,,2466,0.03061126358807087,0.0001
12.47,3729,16,59912,0.05,5.789550049999999,2020,,,2477,0.022488653659820557,0.0001
12.51,3704,16,59964,0.05,5.796578919999999,2024,,,2490,0.021583985537290573,0.0001
,,,60000,0.05,,,5.7692104,11.4,2499,0.030129006132483482,0.0001
12.52,3691,16,60007,0.05,5.798362979999999,2028,,,2501,0.05902452394366264,0.0001
12.55,3683,16,60058,0.05,5.80326765,2032,,,2514,0.020346732810139656,0.0001
12.54,3675,16,60105,0.05,5.80694433,2036,,,2526,0.030525362119078636,0.0001
12.53,3669,16,60148,0.05,5.797596829999999,2040,,,2536,0.021323103457689285,0.0001
12.57,3660,16,60203,0.05,5.803486690000001,2044,,,2550,0.023393504321575165,0.0001
12.53,3654,16,60248,0.05,5.80831487,2048,,,2561,0.01645137555897236,0.0001
12.61,3644,16,60301,0.05,5.79819178,2052,,,2575,0.023461561650037766,0.0001
12.63,3637,16,60352,0.05,5.79343922,2056,,,2587,0.03396319970488548,0.0001
12.67,3629,16,60404,0.05,5.79350669,2060,,,2600,0.028176199644804,0.0001
12.77,3620,16,60463,0.05,5.78267301,2064,,,2615,0.028714271262288094,0.0001
12.77,3611,16,60521,0.05,5.76492437,2068,,,2630,0.04072224348783493,0.0001
12.93,3602,16,60588,0.05,5.740570710000001,2072,,,2646,0.028282862156629562,0.0001
12.91,3592,16,60638,0.05,5.73966994,2076,,,2659,0.023105178028345108,0.0001
12.91,3582,16,60703,0.05,5.724427600000001,2080,,,2675,0.0318889319896698,0.0001
13.21,3568,17,60792,0.05,5.6584215,2084,,,2697,0.01939753070473671,0.0001
13.18,3557,17,60845,0.05,5.6342577700000005,2088,,,2711,0.024839166551828384,0.0001
13.17,3549,17,60899,0.05,5.625189099999999,2092,,,2724,0.02311725728213787,0.0001
13.27,3542,17,60952,0.05,5.61490204,2096,,,2737,0.026493627578020096,0.0001
13.41,3534,17,61008,0.05,5.61583068,2100,,,2751,0.036706581711769104,0.0001
13.37,3527,17,61052,0.05,5.61995117,2104,,,2762,0.03317392244935036,0.0001
13.36,3519,17,61105,0.05,5.626598859999999,2108,,,2776,0.052295174449682236,0.0001
13.37,3513,17,61155,0.05,5.6307307,2112,,,2788,0.03887288644909859,0.0001
13.48,3505,17,61213,0.05,5.6040461100000005,2116,,,2803,0.030760299414396286,0.0001
13.61,3496,17,61273,0.05,5.597188640000001,2120,,,2818,0.016947459429502487,0.0001
13.98,3485,17,61362,0.05,5.540648590000001,2124,,,2840,0.021925652399659157,0.0001
14.37,3476,17,61444,0.05,5.49580162,2128,,,2860,0.01996574178338051,0.0001
14.3,3470,17,61488,0.05,5.4867715399999994,2132,,,2871,0.02264360338449478,0.0001
14.27,3463,17,61532,0.05,5.483111579999998,2136,,,2882,0.03260738030076027,0.0001
14.39,3456,17,61587,0.05,5.4919458,2140,,,2896,0.03525114804506302,0.0001
14.96,3443,17,61699,0.05,5.42475422,2144,,,2924,0.024093614891171455,0.0001
15.15,3436,17,61763,0.05,5.42968659,2148,,,2940,0.05313420295715332,0.0001
15.4,3426,18,61841,0.05,5.435126789999999,2152,,,2960,0.03273756802082062,0.0001
15.83,3416,18,61935,0.05,5.398242979999999,2156,,,2983,0.025160515680909157,0.0001
15.94,3409,18,61998,0.05,5.386340180000001,2160,,,2999,0.018711566925048828,0.0001
15.9,3402,18,62053,0.05,5.395121360000001,2164,,,3013,0.020294107496738434,0.0001
15.86,3395,18,62107,0.05,5.41233462,2168,,,3026,0.02021012455224991,0.0001
15.68,3390,18,62156,0.05,5.446794860000001,2172,,,3038,0.040592554956674576,0.0001
15.67,3384,18,62205,0.05,5.458337920000002,2176,,,3051,0.04416096955537796,0.0001
15.54,3378,18,62257,0.05,5.49203174,2180,,,3064,0.02528042159974575,0.0001
15.25,3372,18,62317,0.05,5.56863781,2184,,,3079,0.015883632004261017,0.0001
15.23,3367,18,62368,0.05,5.572606619999999,2188,,,3091,0.021251482889056206,0.0001
15.23,3360,18,62422,0.05,5.576231819999999,2192,,,3105,0.05950114130973816,0.0001
16.07,3347,18,62559,0.05,5.525126460000001,2196,,,3139,0.04348992928862572,0.0001
16.45,3337,18,62653,0.05,5.53076232,2200,,,3163,0.02241542935371399,0.0001
17.05,3327,18,62757,0.05,5.496980830000001,2204,,,3189,0.02378961816430092,0.0001
18.31,3310,19,62936,0.05,5.369097130000001,2208,,,3233,0.039153069257736206,0.0001
18.93,3299,19,63048,0.05,5.342023299999999,2212,,,3261,0.02388259768486023,0.0001
19.37,3290,19,63150,0.05,5.32766832,2216,,,3287,0.015781834721565247,0.0001
19.75,3281,19,63248,0.05,5.2969015100000005,2220,,,3311,0.06655909866094589,0.0001
20.52,3264,19,63414,0.05,5.2831176300000005,2224,,,3353,0.02082161046564579,0.0001
21.7,3247,19,63614,0.05,5.177080119999999,2228,,,3403,0.024041205644607544,0.0001
22.27,3238,19,63715,0.05,5.14457565,2232,,,3428,0.019897254183888435,0.0001
23.53,3224,19,63885,0.05,5.030865029999999,2236,,,3471,0.04210112243890762,0.0001
24.98,3208,19,64085,0.05,4.87890515,2240,,,3521,0.023569507524371147,0.0001
25.86,3185,20,64285,0.05,4.79450203,2244,,,3571,0.016622139140963554,0.0001
27.22,3170,20,64485,0.05,4.641618080000001,2248,,,3621,0.03225690871477127,0.0001
28.44,3154,20,64685,0.05,4.475783810000001,2252,,,3671,0.052688632160425186,0.0001
29.5,3139,20,64885,0.05,4.322402510000001,2256,,,3721,0.04163157194852829,0.0001
,,,65000,0.05,,,2.6124498,50.0,3749,0.05277083441615105,0.0001
30.87,3111,20,65085,0.05,4.19145999,2260,,,3771,0.03329845517873764,0.0001
32.32,3097,21,65285,0.05,4.01367552,2264,,,3821,0.018964393064379692,0.0001
33.55,3084,21,65462,0.05,3.90242318,2268,,,3865,0.020974576473236084,0.0001
35.06,3070,21,65662,0.05,3.76328827,2272,,,3915,0.039200156927108765,0.0001
35.19,3065,21,65724,0.05,3.76006558,2276,,,3930,0.011579418554902077,0.0001
36.31,3054,21,65888,0.05,3.6517123,2280,,,3971,0.05662985518574715,0.0001
37.71,3041,21,66088,0.05,3.51137964,2284,,,4021,0.05074082314968109,0.0001
39.2,3027,21,66288,0.05,3.38565052,2288,,,4071,0.036802295595407486,0.0001
40.52,3016,22,66474,0.05,3.28832493,2292,,,4118,0.011551117524504662,0.0001
41.15,3003,22,66674,0.05,3.19741663,2296,,,4168,0.04597274214029312,0.0001
42.21,2991,22,66874,0.05,3.0605458300000006,2300,,,4218,0.018008455634117126,0.0001
43.17,2979,22,67074,0.05,2.9637623399999997,2304,,,4268,0.0544067807495594,0.0001
42.29,2972,22,67165,0.05,3.04726044,2308,,,4291,0.03460143133997917,0.0001
43.17,2961,22,67365,0.05,2.9288045300000003,2312,,,4341,0.043779462575912476,0.0001
43.94,2950,22,67544,0.05,2.8692393199999997,2316,,,4385,0.03958922624588013,0.0001
44.0,2943,22,67648,0.05,2.87853789,2320,,,4411,0.017397770658135414,0.0001
44.12,2933,23,67826,0.05,2.8930239999999996,2324,,,4456,0.008821013383567333,0.0001
44.02,2922,23,68016,0.05,2.9728320399999997,2328,,,4503,0.01640009507536888,0.0001
45.01,2910,23,68216,0.05,2.8676753699999993,2332,,,4553,0.013968905434012413,0.0001
45.14,2900,23,68399,0.05,2.89476315,2336,,,4599,0.017669839784502983,0.0001
45.14,2881,23,68599,0.05,2.89035335,2340,,,4649,0.009187138639390469,0.0001
45.14,2869,23,68799,0.05,2.91017184,2344,,,4699,0.025039758533239365,0.0001
45.14,2857,24,68999,0.05,2.91324998,2348,,,4749,0.011885751970112324,0.0001
45.14,2845,24,69199,0.05,2.9444460400000003,2352,,,4799,0.037807390093803406,0.0001
45.14,2833,24,69399,0.05,2.988079129999999,2356,,,4849,0.01404589507728815,0.0001
45.14,2822,24,69599,0.05,2.9818155,2360,,,4899,0.02678525075316429,0.0001
45.03,2811,24,69788,0.05,3.0630621199999997,2364,,,4946,0.014237365685403347,0.0001
45.26,2800,24,69988,0.05,3.03205787,2368,,,4996,0.003911054227501154,0.0001
,,,70000,0.05,,,2.6851474,50.0,4999,0.030674783512949944,0.0001
45.15,2780,25,70177,0.05,3.07081131,2372,,,5044,0.04142729192972183,0.0001
46.53,2770,25,70377,0.05,2.92672224,2376,,,5094,0.0035485890693962574,0.0001
46.66,2760,25,70554,0.05,2.93116765,2380,,,5138,0.007063194178044796,0.0001
46.66,2750,25,70754,0.05,2.92488872,2384,,,5188,0.010003169998526573,0.0001
46.66,2740,25,70954,0.05,2.92920912,2388,,,5238,0.015883907675743103,0.0001
46.39,2732,26,71113,0.05,2.9739246,2392,,,5278,0.008681162260472775,0.0001
46.39,2722,26,71313,0.05,2.9788615899999997,2396,,,5328,0.022791756317019463,0.0001
46.39,2712,26,71513,0.05,2.9533874300000007,2400,,,5378,0.01119349617511034,0.0001
46.14,2703,26,71688,0.05,2.9840127800000005,2404,,,5421,0.010382166132330894,0.0001
47.23,2694,26,71888,0.05,2.8857020900000006,2408,,,5471,0.006420955061912537,0.0001
47.1,2685,26,72075,0.05,2.9443978700000004,2412,,,5518,0.008035297505557537,0.0001
47.31,2676,27,72275,0.05,2.9071931699999993,2416,,,5568,0.047536782920360565,0.0001
48.27,2667,27,72475,0.05,2.7911378500000006,2420,,,5618,0.02356668934226036,0.0001
48.16,2660,27,72642,0.05,2.7448556600000003,2424,,,5660,0.004650655668228865,0.0001
48.26,2651,27,72842,0.05,2.6797758,2428,,,5710,0.018924830481410027,0.0001
48.11,2643,27,73027,0.05,2.72307127,2432,,,5756,0.016349757090210915,0.0001
48.17,2636,27,73216,0.05,2.7169865100000004,2436,,,5803,0.015169915743172169,0.0001
48.01,2628,27,73400,0.05,2.7774523600000016,2440,,,5849,0.026355326175689697,0.0001
48.01,2620,28,73600,0.05,2.77335034,2444,,,5899,0.008475099690258503,0.0001
48.01,2612,28,73800,0.05,2.780620870000001,2448,,,5949,0.006319873500615358,0.0001
48.01,2603,28,74000,0.05,2.7866294,2452,,,5999,0.013583934865891933,0.0001
48.01,2594,28,74200,0.05,2.80558241,2456,,,6049,0.005484660621732473,0.0001
48.01,2586,28,74400,0.05,2.8017638600000003,2460,,,6099,0.037815771996974945,0.0001
48.12,2578,28,74600,0.05,2.76088064,2464,,,6149,0.006044692359864712,0.0001
48.12,2570,29,74800,0.05,2.75876113,2468,,,6199,0.022960584610700607,0.0001
,,,75000,0.05,,,2.6743483999999995,50.0,6249,0.01230137050151825,0.0001
48.23,2554,29,75000,0.05,2.7168296200000004,2472,,,,,
48.23,2547,29,75200,0.05,2.73029609,2476,,,6299,0.005995198618620634,0.0001
48.46,2538,29,75400,0.05,2.7048170300000005,2480,,,6349,0.05033505707979202,0.0001
48.46,2531,29,75600,0.05,2.714308869999999,2484,,,6399,0.004002507776021957,0.0001
48.46,2524,30,75800,0.05,2.7180433899999996,2488,,,6449,0.007148634176701307,0.0001
48.34,2518,30,75947,0.05,2.7170196100000004,2492,,,6486,0.008660852909088135,0.0001
48.34,2511,30,76147,0.05,2.7240528800000003,2496,,,6536,0.018364913761615753,0.0001
48.34,2504,30,76347,0.05,2.7466522500000004,2500,,,6586,0.016992244869470596,0.0001
48.59,2496,30,76547,0.05,2.7112744099999997,2504,,,6636,0.004735729657113552,0.0001
48.59,2489,30,76747,0.05,2.7121565399999996,2508,,,6686,0.007832439616322517,0.0001
48.72,2482,30,76947,0.05,2.6548233700000003,2512,,,6736,0.017177466303110123,0.0001
48.72,2475,31,77147,0.05,2.6469688099999997,2516,,,6786,0.01568317413330078,0.0001
48.72,2468,31,77347,0.05,2.65922686,2520,,,6836,0.005050815176218748,0.0001
49.05,2460,31,77547,0.05,2.6110389400000003,2524,,,6886,0.017367973923683167,0.0001
49.05,2451,31,77747,0.05,2.60672169,2528,,,6936,0.004344327375292778,0.0001
49.2,2440,31,77947,0.05,2.5667917600000005,2532,,,6986,0.003147188574075699,0.0001
49.31,2427,32,78147,0.05,2.52283843,2536,,,7036,0.014112227596342564,0.0001
49.11,2420,32,78311,0.05,2.5571859200000002,2540,,,7077,0.007710748352110386,0.0001
49.11,2412,32,78511,0.05,2.56367332,2544,,,7127,0.00668821856379509,0.0001
49.11,2406,32,78711,0.05,2.5542099499999997,2548,,,7177,0.009628774598240852,0.0001
49.11,2399,32,78911,0.05,2.54032057,2552,,,7227,0.011756908148527145,0.0001
48.73,2391,33,79073,0.05,2.56123642,2556,,,7268,0.0049696615897119045,0.0001
48.73,2383,33,79273,0.05,2.5797148400000003,2560,,,7318,0.005007964093238115,0.0001
48.73,2375,33,79473,0.05,2.57224076,2564,,,7368,0.005765056703239679,0.0001
48.73,2368,33,79673,0.05,2.57921817,2568,,,7418,0.0008641135646030307,0.0001
48.73,2362,33,79873,0.05,2.5774690799999997,2572,,,7468,0.0036987040657550097,0.0001
,,,80000,0.05,,,3.1932092,42.2,7499,0.0027625402435660362,0.0001
48.73,2351,34,80073,0.05,2.5769862100000007,2576,,,7518,0.004400576930493116,0.0001
48.73,2346,34,80273,0.05,2.57710266,2580,,,7568,0.019851675257086754,0.0001
48.73,2340,34,80473,0.05,2.5650611499999996,2584,,,7618,0.014857301488518715,0.0001
48.73,2335,34,80673,0.05,2.5570985800000003,2588,,,7668,0.014956883154809475,0.0001
49.26,2325,34,80873,0.05,2.47654031,2592,,,7718,0.015766775235533714,0.0001
48.9,2321,34,81037,0.05,2.51497335,2596,,,7759,0.004271088633686304,0.0001
48.64,2316,35,81211,0.05,2.5454655500000003,2600,,,7802,0.0013461002381518483,0.0001
48.35,2312,35,81382,0.05,2.56947061,2604,,,7845,0.007285877130925655,0.0001
48.35,2306,35,81582,0.05,2.56311014,2608,,,7895,0.013987489975988865,0.0001
48.35,2302,35,81782,0.05,2.57007448,2612,,,7945,0.006007901392877102,0.0001
48.35,2297,35,81982,0.05,2.57630123,2616,,,7995,0.0031660967506468296,0.0001
48.35,2292,35,82182,0.05,2.5730002,2620,,,8045,0.006859460845589638,0.0001
48.35,2287,36,82382,0.05,2.59274002,2624,,,8095,0.005251470021903515,0.0001
48.02,2283,36,82549,0.05,2.62966312,2628,,,8137,0.010511827655136585,0.0001
48.02,2278,36,82749,0.05,2.63894647,2632,,,8187,0.007034090347588062,0.0001
47.71,2273,36,82918,0.05,2.6810223200000003,2636,,,8229,0.005097879562526941,0.0001
48.07,2269,36,83118,0.05,2.6026389599999997,2640,,,8279,0.011206046678125858,0.0001
48.07,2264,36,83318,0.05,2.60367347,2644,,,8329,0.01451771892607212,0.0001
48.07,2260,36,83518,0.05,2.5962919799999997,2648,,,8379,0.003751017153263092,0.0001
48.07,2254,37,83718,0.05,2.58999225,2652,,,8429,0.011399597860872746,0.0001
48.45,2249,37,83918,0.05,2.55336882,2656,,,8479,0.0012344270944595337,0.0001
47.33,2246,37,84006,0.05,2.64493863,2660,,,8501,0.003032660111784935,0.0001
47.33,2242,37,84206,0.05,2.6487644699999997,2664,,,8551,0.005634676665067673,0.0001
47.33,2238,37,84406,0.05,2.6311114000000004,2668,,,8601,0.0025900655891746283,0.0001
46.94,2235,37,84567,0.05,2.6611776899999997,2672,,,8641,0.0037126571405678988,0.0001
46.94,2231,37,84767,0.05,2.65495969,2676,,,8691,0.0023082001134753227,0.0001
46.94,2227,38,84967,0.05,2.6411354100000004,2680,,,8741,0.002192358486354351,0.0001
,,,85000,0.05,,,2.4923594000000002,50.0,8749,0.006380988750606775,0.0001
46.58,2218,38,85131,0.05,2.68814791,2684,,,8782,0.011162674985826015,0.0001
46.22,2215,38,85295,0.05,2.7279339800000004,2688,,,8823,0.004254980478435755,0.0001
46.22,2211,38,85495,0.05,2.7237062099999996,2692,,,8873,0.0033903606235980988,0.0001
46.24,2207,38,85661,0.05,2.72256017,2696,,,8915,0.00400859210640192,0.0001
46.5,2204,38,85861,0.05,2.68046955,2700,,,8965,0.0031962632201611996,0.0001
46.79,2198,39,86061,0.05,2.6671682500000005,2704,,,9015,0.007373010274022818,0.0001
46.66,2193,39,86248,0.05,2.7123903499999993,2708,,,9061,0.006430298089981079,0.0001
46.27,2189,39,86409,0.05,2.750043190000001,2712,,,9102,0.008627176284790039,0.0001
45.18,2187,39,86500,0.05,2.855349550000001,2716,,,9124,0.007019977085292339,0.0001
45.18,2183,39,86700,0.05,2.8457212499999995,2720,,,9174,0.004771859385073185,0.0001
44.15,2180,39,86797,0.05,2.942270990000001,2724,,,9199,0.0015490174992009997,0.0001
43.94,2177,39,86943,0.05,2.9852509999999994,2728,,,9235,0.0033297273330390453,0.0001
43.91,2173,40,87140,0.05,3.0221896299999997,2732,,,9284,0.011041248217225075,0.0001
43.73,2168,40,87291,0.05,3.0504109999999995,2736,,,9322,0.0037075632717460394,0.0001
42.74,2166,40,87392,0.05,3.16102465,2740,,,9347,0.0017495786305516958,0.0001
41.61,2164,40,87479,0.05,3.3189698100000005,2744,,,9369,0.006995463278144598,0.0001
41.61,2160,40,87679,0.05,3.3319318799999995,2748,,,9419,0.006400255486369133,0.0001
41.61,2156,40,87879,0.05,3.3427317500000004,2752,,,9469,0.0025981126818805933,0.0001
41.61,2152,40,88079,0.05,3.34717743,2756,,,9519,0.004921264480799437,0.0001
42.73,2148,41,88279,0.05,3.25785126,2760,,,9569,0.00200604903511703,0.0001
42.29,2142,41,88435,0.05,3.34946185,2764,,,9608,0.004025369882583618,0.0001
42.29,2138,41,88635,0.05,3.36195235,2768,,,9658,0.002086295047774911,0.0001
42.68,2134,41,88835,0.05,3.32868172,2772,,,9708,0.004143754951655865,0.0001
42.68,2129,41,89035,0.05,3.3370323800000006,2776,,,9758,0.0058962139301002026,0.0001
42.68,2125,41,89235,0.05,3.33409043,2780,,,9808,0.007071076426655054,0.0001
43.04,2120,42,89435,0.05,3.2971677999999995,2784,,,9858,0.0025833623949438334,0.0001
42.53,2117,42,89548,0.05,3.3766365800000004,2788,,,9886,0.006009248085319996,0.0001
42.17,2114,42,89712,0.05,3.4130914300000006,2792,,,9927,0.0031014075502753258,0.0001
42.18,2111,42,89879,0.05,3.4258745399999997,2796,,,9969,0.0009371726191602647,0.0001
,,,90000,0.05,,,2.8394988,50.0,9999,0.005567648913711309,0.0001
41.84,2103,42,90045,0.05,3.4659904099999994,2800,,,10011,0.0043694088235497475,0.0001
41.71,2100,42,90232,0.05,3.50073459,2804,,,10057,0.0026030270382761955,0.0001
40.8,2098,43,90328,0.05,3.577637269999999,2808,,,10081,0.005374236963689327,0.0001
40.42,2096,43,90451,0.05,3.5968608900000008,2812,,,10112,0.0028632977046072483,0.0001
40.99,2091,43,90599,0.05,3.57764679,2816,,,10149,0.0023329872637987137,0.0001
40.16,2088,43,90716,0.05,3.7058133300000002,2820,,,10178,0.004087913315743208,0.0001
40.17,2086,43,90814,0.05,3.7135176999999993,2824,,,10203,0.0052403355948626995,0.0001
40.01,2084,43,90944,0.05,3.6925815,2828,,,10235,0.0022055781446397305,0.0001
38.91,2083,43,91031,0.05,3.75427227,2832,,,10257,0.012248346582055092,0.0001
39.08,2080,43,91199,0.05,3.71622996,2836,,,10299,0.005527052097022533,0.0001
39.78,2077,43,91370,0.05,3.63675927,2840,,,10342,0.007387328892946243,0.0001
40.12,2075,44,91491,0.05,3.550249,2844,,,10372,0.004126184619963169,0.0001
40.12,2072,44,91691,0.05,3.5448304900000007,2848,,,10422,0.008145056664943695,0.0001
39.73,2069,44,91852,0.05,3.5755347300000007,2852,,,10462,0.0018831138731911778,0.0001
39.71,2066,44,92050,0.05,3.6233341199999995,2856,,,10512,0.0011253097327426076,0.0001
39.22,2064,44,92201,0.05,3.69145046,2860,,,10550,0.0023393239825963974,0.0001
38.97,2061,44,92332,0.05,3.68666429,2864,,,10582,0.0016327464254572988,0.0001
38.23,2059,44,92458,0.05,3.82040141,2868,,,10614,0.0013155103661119938,0.0001
36.8,2055,45,92515,0.05,3.9599611400000003,2872,,,10628,0.004758928436785936,0.0001
36.22,2053,45,92657,0.05,4.01955073,2876,,,10664,0.0024720248766243458,0.0001
35.48,2051,45,92783,0.05,4.090681770000001,2880,,,10695,0.0030460464768111706,0.0001
35.08,2048,45,92943,0.05,4.1235964,2884,,,10735,0.0014650339726358652,0.0001
35.95,2045,45,93143,0.05,4.0077405299999995,2888,,,10785,0.0028075743466615677,0.0001
35.61,2043,45,93273,0.05,4.03300769,2892,,,10818,0.0027762374375015497,0.0001
35.94,2040,45,93473,0.05,3.9746528500000005,2896,,,10868,0.01096925139427185,0.0001
36.05,2038,45,93650,0.05,3.9815023900000006,2900,,,10912,0.004304264206439257,0.0001
35.17,2036,46,93749,0.05,4.03892066,2904,,,10937,0.008306858129799366,0.0001
34.88,2035,46,93816,0.05,4.06997976,2908,,,10953,0.0010640098480507731,0.0001
34.93,2033,46,93944,0.05,4.14260871,2912,,,10985,0.007959029637277126,0.0001
35.45,2030,46,94144,0.05,4.06095545,2916,,,11035,0.0033154096454381943,0.0001
36.15,2027,46,94331,0.05,3.976165239999999,2920,,,11082,0.0004799055168405175,0.0001
36.84,2025,46,94498,0.05,3.94410767,2924,,,11124,0.0024911474902182817,0.0001
36.78,2023,46,94622,0.05,4.00132336,2928,,,11155,0.005761280190199614,0.0001
37.85,2020,46,94816,0.05,4.046283969999999,2932,,,11203,0.0052375043742358685,0.0001
37.6,2018,47,94959,0.05,4.091172880000001,2936,,,11239,0.0024561863392591476,0.0001
,,,95000,0.05,,,2.8019768,50.0,11249,0.0015347604639828205,0.0001
37.89,2012,47,95159,0.05,4.048292530000001,2940,,,11289,0.010871969163417816,0.0001
38.29,2009,47,95320,0.05,4.011013190000001,2944,,,11329,0.0007895651506260037,0.0001
37.6,2007,47,95451,0.05,4.09313416,2948,,,11362,0.006593021098524332,0.0001
36.79,2006,47,95531,0.05,4.2126421999999994,2952,,,11382,0.0024432004429399967,0.0001
36.81,2003,47,95731,0.05,4.1672562,2956,,,11432,0.00484015978872776,0.0001
37.3,2001,47,95931,0.05,4.08032343,2960,,,11482,0.0038886922411620617,0.0001
37.99,1998,48,96131,0.05,4.00336626,2964,,,11532,0.005279243923723698,0.0001
38.73,1995,48,96331,0.05,3.86625836,2968,,,11582,0.0038202928844839334,0.0001
39.77,1993,48,96492,0.05,3.8074384100000005,2972,,,11622,0.0020017290953546762,0.0001
40.12,1991,48,96669,0.05,3.8308695999999993,2976,,,11667,0.0023711714893579483,0.0001
40.48,1989,48,96831,0.05,3.8132398100000002,2980,,,11707,0.0066558015532791615,0.0001
40.88,1986,48,97031,0.05,3.7806026599999996,2984,,,11757,0.003600275842472911,0.0001
40.53,1984,48,97196,0.05,3.8133391800000003,2988,,,11798,0.003950851038098335,0.0001
41.23,1981,49,97396,0.05,3.75015547,2992,,,11848,0.000606569170486182,0.0001
41.23,1979,49,97596,0.05,3.7532471599999995,2996,,,11898,0.0023682189639657736,0.0001
41.07,1977,49,97757,0.05,3.7540152199999994,3000,,,11939,0.001428327290341258,0.0001
41.69,1974,49,97918,0.05,3.6907685999999997,3004,,,11979,0.0008493075147271156,0.0001
43.02,1972,49,98118,0.05,3.5550155000000006,3008,,,12029,0.0029951129108667374,0.0001
43.32,1970,49,98276,0.05,3.5221748599999994,3012,,,12068,0.0005402748938649893,0.0001
43.32,1967,50,98476,0.05,3.5215139399999997,3016,,,12118,0.0011755458544939756,0.0001
43.39,1965,50,98670,0.05,3.5473360399999994,3020,,,12167,0.012909520417451859,0.0001
43.52,1962,50,98850,0.05,3.50663814,3024,,,12212,0.007923835888504982,0.0001
44.28,1960,50,99050,0.05,3.3858541300000002,3028,,,12262,0.003180389292538166,0.0001
44.34,1958,50,99250,0.05,3.23087096,3032,,,12312,0.0038801038172096014,0.0001
44.23,1956,50,99382,0.05,3.2275091399999996,3036,,,12345,0.0020109694451093674,0.0001
43.86,1954,50,99545,0.05,3.2797267,3040,,,12386,0.0018991903634741902,0.0001
43.13,1953,51,99633,0.05,3.3461999499999995,3044,,,12408,0.0036188699305057526,0.0001
43.07,1951,51,99758,0.05,3.3320911399999993,3048,,,12439,0.005758249666541815,0.0001
43.89,1949,51,99920,0.05,3.2151196800000004,3052,,,12479,0.0022156848572194576,0.0001
,,,100000,0.05,,,2.6989973999999997,50.0,12499,0.010485646314918995,0.0001
43.53,1944,51,100084,0.05,3.2524166799999996,3056,,,12520,0.003369542071595788,0.0001
43.13,1942,51,100244,0.05,3.2949237499999993,3060,,,12560,0.015608986839652061,0.0001
43.13,1940,51,100444,0.05,3.2962287900000002,3064,,,12610,0.014469246380031109,0.0001
42.87,1938,51,100618,0.05,3.3565769999999993,3068,,,12654,0.0007020912598818541,0.0001
43.26,1936,52,100818,0.05,3.27095071,3072,,,12704,0.0028765981551259756,0.0001
43.49,1934,52,101018,0.05,3.17863247,3076,,,12754,0.002569599077105522,0.0001
43.87,1932,52,101218,0.05,3.1379220200000004,3080,,,12804,0.011672106571495533,0.0001
43.87,1930,52,101418,0.05,3.1312597000000006,3084,,,12854,0.000526272866409272,0.0001
44.22,1928,52,101618,0.05,3.0896817000000003,3088,,,12904,0.0004888352123089135,0.0001
44.22,1926,52,101818,0.05,3.0952525100000003,3092,,,12954,0.0007467854884453118,0.0001
44.08,1924,52,102004,0.05,3.13412329,3096,,,13000,0.0020966329611837864,0.0001
44.47,1922,53,102204,0.05,3.085155059999999,3100,,,13050,0.008493435569107533,0.0001
44.76,1920,53,102394,0.05,3.08188205,3104,,,13098,0.00395255396142602,0.0001
44.76,1918,53,102594,0.05,3.0818926300000005,3108,,,13148,0.002023507608100772,0.0001
45.18,1916,53,102794,0.05,2.9857413300000006,3112,,,13198,0.0022842795588076115,0.0001
45.18,1914,53,102994,0.05,2.9808481699999994,3116,,,13248,0.0031040452886372805,0.0001
45.06,1912,53,103176,0.05,2.96738833,3120,,,13293,0.0008028828888200223,0.0001
45.16,1910,54,103366,0.05,2.9718020500000004,3124,,,13341,0.0037579552736133337,0.0001
45.16,1908,54,103566,0.05,2.9750264100000003,3128,,,13391,0.0012978947488591075,0.0001
44.96,1906,54,103746,0.05,3.01602159,3132,,,13436,0.0004885446396656334,0.0001
45.25,1904,54,103907,0.05,2.9836564999999995,3136,,,13476,0.0022455158177763224,0.0001
45.29,1902,54,104074,0.05,2.9781988700000004,3140,,,13518,0.0022688480094075203,0.0001
45.75,1901,54,104208,0.05,2.95472056,3144,,,13551,0.0010811733081936836,0.0001
46.07,1899,54,104365,0.05,2.9792599199999996,3148,,,13591,0.0006383294239640236,0.0001
46.17,1895,55,104537,0.05,2.9859983099999994,3152,,,13634,0.0011611782247200608,0.0001
45.53,1894,55,104637,0.05,3.0607038600000003,3156,,,13659,0.0021320288069546223,0.0001
45.93,1892,55,104837,0.05,3.0239849700000003,3160,,,13709,0.002156380331143737,0.0001
45.49,1890,55,104993,0.05,3.1041320599999995,3164,,,13748,0.00165586918592453,0.0001
,,,105000,0.05,,,2.7840873999999998,50.0,13749,0.003775720251724124,0.0001
45.75,1886,55,105193,0.05,3.0521227500000006,3168,,,13798,0.002537726191803813,0.0001
45.75,1884,55,105393,0.05,3.0553228000000003,3172,,,13848,0.002290130592882633,0.0001
45.75,1882,56,105593,0.05,3.0646075600000002,3176,,,13898,0.003879745490849018,0.0001
45.37,1880,56,105755,0.05,3.091232999999999,3180,,,13938,0.002332252450287342,0.0001
45.37,1878,56,105955,0.05,3.1036166000000005,3184,,,13988,0.002551383338868618,0.0001
45.37,1876,56,106155,0.05,3.11410421,3188,,,14038,0.0074757677502930164,0.0001
45.37,1874,56,106355,0.05,3.11464928,3192,,,14088,0.007430220488458872,0.0001
44.91,1873,56,106495,0.05,3.151816099999999,3196,,,14123,0.002761016832664609,0.0001
44.18,1871,56,106622,0.05,3.2153718999999996,3200,,,14155,0.0011880436213687062,0.0001
44.12,1870,57,106806,0.05,3.3247745400000004,3204,,,14201,0.002157218987122178,0.0001
44.12,1867,57,107006,0.05,3.3024685,3208,,,14251,0.0009885012404993176,0.0001
43.89,1865,57,107183,0.05,3.3486273300000007,3212,,,14295,0.00321255624294281,0.0001
43.36,1863,57,107330,0.05,3.43594323,3216,,,14332,0.002610269235447049,0.0001
43.46,1861,57,107522,0.05,3.43281526,3220,,,14380,0.0006253494066186249,0.0001
43.56,1860,57,107722,0.05,3.37659125,3224,,,14430,0.002722907578572631,0.0001
43.3,1858,58,107896,0.05,3.4691653499999995,3228,,,14473,0.003046344267204404,0.0001
43.33,1856,58,108079,0.05,3.479108169999999,3232,,,14519,0.0002032078627962619,0.0001
43.72,1855,58,108279,0.05,3.42028244,3236,,,14569,0.00514737144112587,0.0001
43.43,1853,58,108417,0.05,3.4974793799999992,3240,,,14604,0.003593794535845518,0.0001
43.77,1852,58,108585,0.05,3.46196324,3244,,,14646,0.003851834684610367,0.0001
43.38,1851,58,108703,0.05,3.488764980000001,3248,,,14675,0.002905362518504262,0.0001
43.53,1849,58,108890,0.05,3.480087210000001,3252,,,14722,0.0003453932877164334,0.0001
44.41,1848,59,109078,0.05,3.4117403599999996,3256,,,14769,0.0042950306087732315,0.0001
44.04,1846,59,109241,0.05,3.4540045799999994,3260,,,14810,0.005193856544792652,0.0001
44.48,1844,59,109441,0.05,3.3701438699999993,3264,,,14860,0.0107429763302207,0.0001
44.48,1843,59,109641,0.05,3.3775492,3268,,,14910,0.009434779174625874,0.0001
44.48,1841,59,109841,0.05,3.37535634,3272,,,14960,0.0006363058346323669,0.0001
,,,110000,0.05,,,2.7072562,50.0,14999,0.009308313950896263,0.0001
44.3,1837,59,110023,0.05,3.4064669699999994,3276,,,15005,0.0008477005758322775,0.0001
44.18,1835,60,110173,0.05,3.462017339999999,3280,,,15043,0.0018340644892305136,0.0001
44.18,1834,60,110373,0.05,3.4632745499999995,3284,,,15093,0.00018617362366057932,0.0001
43.27,1833,60,110482,0.05,3.571595709999999,3288,,,15120,0.0007527846610173583,0.0001
43.19,1831,60,110674,0.05,3.6700192299999994,3292,,,15168,0.0021497237030416727,0.0001
43.7,1830,60,110865,0.05,3.6517301000000004,3296,,,15216,0.007149464916437864,0.0001
44.43,1828,60,111065,0.05,3.59140297,3300,,,15266,0.00045035858056508005,0.0001
44.29,1827,60,111235,0.05,3.4859666799999998,3304,,,15308,0.0011794219026342034,0.0001
44.29,1825,61,111435,0.05,3.50897645,3308,,,15358,0.0009378404938615859,0.0001
44.52,1823,61,111635,0.05,3.46439153,3312,,,15408,0.00015484305913560092,0.0001
45.01,1822,61,111831,0.05,3.4318616300000007,3316,,,15457,0.00026767642702907324,0.0001
45.09,1820,61,112031,0.05,3.3918748399999994,3320,,,15507,0.0006211107829585671,0.0001
44.74,1819,61,112196,0.05,3.4505980799999993,3324,,,15548,0.017973091453313828,0.0001
45.0,1817,61,112396,0.05,3.3416666299999993,3328,,,15598,0.0019022702472284436,0.0001
45.17,1815,62,112596,0.05,3.2845606700000003,3332,,,15648,0.00036528418422676623,0.0001
45.17,1814,62,112796,0.05,3.3008642899999994,3336,,,15698,0.0006609706324525177,0.0001
45.79,1812,62,112996,0.05,3.1925697899999994,3340,,,15748,0.0005139349959790707,0.0001
46.11,1811,62,113196,0.05,3.1415018100000003,3344,,,15798,0.0011868180008605123,0.0001
46.93,1809,62,113396,0.05,3.0282004500000004,3348,,,15848,0.0004571512108668685,0.0001
47.06,1808,62,113596,0.05,3.0001629199999997,3352,,,15898,0.00339337857440114,0.0001
46.97,1806,62,113775,0.05,2.99922896,3356,,,15943,0.00016640705871395767,0.0001
47.21,1805,63,113962,0.05,3.057060119999999,3360,,,15990,0.0008568979101255536,0.0001
46.47,1804,63,114088,0.05,3.172658199999999,3364,,,16021,0.00018282432574778795,0.0001
46.11,1803,63,114252,0.05,3.20869682,3368,,,16062,0.005455925595015287,0.0001
46.11,1801,63,114452,0.05,3.21019442,3372,,,16112,0.0007381883915513754,0.0001
46.15,1800,63,114638,0.05,3.2151414,3376,,,16159,0.0005268066888675094,0.0001
46.65,1798,63,114838,0.05,3.1337218300000003,3380,,,16209,0.00023957595112733543,0.0001
46.17,1797,63,114990,0.05,3.2716575699999995,3384,,,16247,0.0003094864368904382,0.0001
,,,115000,0.05,,,4.7096804,26.2,16249,0.0004872558929491788,0.0001
45.87,1795,64,115069,0.05,3.2698145199999997,3388,,,16267,0.026216652244329453,0.0001
45.43,1794,64,115217,0.05,3.2511367700000005,3392,,,16304,0.000138437666464597,0.0001
45.52,1792,64,115417,0.05,3.20518812,3396,,,16354,0.00015829682524781674,0.0001
45.52,1791,64,115617,0.05,3.20465644,3400,,,16404,0.014041206799447536,0.0001
45.65,1788,64,115800,0.05,3.2209116600000005,3404,,,16449,0.00035583527642302215,0.0001
45.65,1786,64,116000,0.05,3.21861828,3408,,,16499,0.00010795396519824862,0.0001
45.65,1785,65,116200,0.05,3.21930921,3412,,,16549,0.00696854991838336,0.0001
45.69,1784,65,116400,0.05,3.1720582499999996,3416,,,16599,0.00018737204663921148,0.0001
45.69,1782,65,116600,0.05,3.1700342999999993,3420,,,16649,0.0004854420549236238,0.0001
46.04,1781,65,116800,0.05,3.13645817,3424,,,16699,0.00020710336684715003,0.0001
45.66,1780,65,116962,0.05,3.2377607700000004,3428,,,16740,0.00017529317119624466,0.0001
45.66,1778,65,117162,0.05,3.2452096299999993,3432,,,16790,0.015112989582121372,0.0001
45.66,1777,66,117362,0.05,3.25350303,3436,,,16840,0.0016253599897027016,0.0001
45.66,1775,66,117562,0.05,3.23533608,3440,,,16890,0.00011730338883353397,0.0001
45.66,1774,66,117762,0.05,3.24212224,3444,,,16940,0.007682124152779579,0.0001
45.37,1773,66,117933,0.05,3.2829028399999998,3448,,,16983,0.0003554216236807406,0.0001
45.37,1771,66,118133,0.05,3.27584004,3452,,,17033,0.0007168077863752842,0.0001
45.58,1770,66,118333,0.05,3.23488994,3456,,,17083,0.0026690070517361164,0.0001
45.4,1769,66,118502,0.05,3.18654474,3460,,,17125,0.0012131514959037304,0.0001
46.14,1767,67,118702,0.05,3.08255429,3464,,,17175,0.00014273362467065454,0.0001
46.17,1766,67,118869,0.05,3.12060598,3468,,,17217,0.0017000776715576649,0.0001
46.17,1765,67,119069,0.05,3.1379671900000004,3472,,,17267,0.0011818523053079844,0.0001
46.31,1763,67,119269,0.05,3.096121,3476,,,17317,0.012462453916668892,0.0001
46.31,1762,67,119469,0.05,3.09958782,3480,,,17367,0.0028371461667120457,0.0001
46.79,1761,67,119669,0.05,2.9619718400000004,3484,,,17417,6.70326262479648e-05,0.0001
47.62,1760,68,119831,0.05,2.9457577400000003,3488,,,17457,0.00017989693151321262,0.0001
,,,120000,0.05,,,4.672535999999999,26.0,17499,0.0004582109395414591,0.0001
47.93,1757,68,120010,0.05,2.9126903199999994,3492,,,17502,0.0003445196198299527,0.0001
46.32,1757,68,120049,0.05,3.0414244599999996,3496,,,17512,0.01332447025924921,0.0001
45.67,1756,68,120184,0.05,3.1673581200000003,3500,,,17545,0.00022718776017427444,0.0001
45.84,1755,68,120384,0.05,2.97652032,3504,,,17595,0.0010527712292969227,0.0001
45.81,1754,68,120581,0.05,3.0257117499999997,3508,,,17645,0.00024331436725333333,0.0001
45.81,1752,68,120781,0.05,3.02777132,3512,,,17695,0.00034350570058450103,0.0001
45.81,1751,69,120981,0.05,3.0263452799999997,3516,,,17745,0.00017056171782314777,0.0001
45.81,1750,69,121181,0.05,3.0282194500000004,3520,,,17795,0.009645233862102032,0.0001
45.81,1748,69,121381,0.05,3.02829339,3524,,,17845,0.02482590824365616,0.0001
46.19,1747,69,121581,0.05,2.9454264900000005,3528,,,17895,0.01700260303914547,0.0001
45.89,1746,69,121751,0.05,2.7863192800000007,3532,,,17937,0.0011983325239270926,0.0001
45.89,1745,69,121951,0.05,2.7839503100000003,3536,,,17987,0.0015882914885878563,0.0001
45.89,1743,70,122151,0.05,2.79792946,3540,,,18037,0.0005627268110401928,0.0001
45.89,1742,70,122351,0.05,2.7846248000000005,3544,,,18087,0.00024899980053305626,0.0001
46.18,1741,70,122551,0.05,2.7444568899999995,3548,,,18137,0.0051258825697004795,0.0001
46.18,1740,70,122751,0.05,2.746584980000001,3552,,,18187,0.00013577785284724087,0.0001
46.18,1739,70,122951,0.05,2.7405836800000003,3556,,,18237,0.055571891367435455,0.0001
46.49,1738,70,123151,0.05,2.6903904799999996,3560,,,18287,0.00030503765447065234,0.0001
46.49,1737,71,123351,0.05,2.67146726,3564,,,18337,0.0005887465667910874,0.0001
46.82,1736,71,123551,0.05,2.5921056200000003,3568,,,18387,0.020092183724045753,0.0001
46.82,1734,71,123751,0.05,2.5772170500000002,3572,,,18437,0.0058561149053275585,0.0001
46.82,1733,71,123951,0.05,2.57435006,3576,,,18487,0.00033542123856022954,0.0001
46.72,1732,71,124141,0.05,2.61702771,3580,,,18535,0.00102908699773252,0.0001
46.64,1731,71,124333,0.05,2.6549983899999994,3584,,,18583,0.002252171514555812,0.0001
46.94,1730,71,124525,0.05,2.60669542,3588,,,18631,0.028531111776828766,0.0001
47.15,1729,72,124725,0.05,2.5568076699999995,3592,,,18681,0.00012167113891337067,0.0001
48.76,1728,72,124925,0.05,2.42649985,3596,,,18731,0.003458088031038642,0.0001
,,,125000,0.05,,,2.7143100000000002,50.0,18749,0.00038289616350084543,0.0001
49.36,1725,72,125120,0.05,2.3575809999999997,3600,,,18779,0.0007135406485758722,0.0001
49.36,1724,72,125320,0.05,2.5032737,3604,,,18829,0.02190209925174713,0.0001
48.69,1723,72,125450,0.05,2.57351966,3608,,,18862,0.000769546371884644,0.0001
48.69,1722,72,125650,0.05,2.57272223,3612,,,18912,0.00023076521756593138,0.0001
48.69,1721,73,125850,0.05,2.57123093,3616,,,18962,0.003781378734856844,0.0001
48.69,1720,73,126050,0.05,2.5720068000000005,3620,,,19012,0.021524246782064438,0.0001
48.53,1719,73,126234,0.05,2.5977882400000003,3624,,,19058,0.0015198927139863372,0.0001
48.43,1718,73,126424,0.05,2.6323681800000003,3628,,,19105,0.0003765719593502581,0.0001
48.73,1717,73,126624,0.05,2.7934512799999998,3632,,,19155,0.0003568343527149409,0.0001
48.45,1716,73,126796,0.05,2.83181769,3636,,,19198,0.0003236602933611721,0.0001
47.65,1715,73,126916,0.05,2.8972557599999997,3640,,,19228,0.0005011310568079352,0.0001
47.65,1714,74,127116,0.05,2.9156136200000002,3644,,,19278,0.00038169624167494476,0.0001
47.65,1713,74,127316,0.05,2.9257032400000003,3648,,,19328,0.04311971738934517,0.0001
46.91,1712,74,127442,0.05,3.0065105000000005,3652,,,19360,0.00024357378424610943,0.0001
46.59,1711,74,127610,0.05,3.0474940699999995,3656,,,19402,0.00036686408566311,0.0001
46.23,1710,74,127774,0.05,3.08951768,3660,,,19443,0.00021497531270142645,0.0001
46.23,1709,74,127974,0.05,3.0957005399999997,3664,,,19493,0.044604066759347916,0.0001
46.23,1708,75,128174,0.05,3.105616779999999,3668,,,19543,0.0005412785685621202,0.0001
46.23,1707,75,128374,0.05,3.1093635399999995,3672,,,19593,0.0012281815288588405,0.0001
46.23,1706,75,128574,0.05,3.11112162,3676,,,19643,0.00016403838526457548,0.0001
46.06,1705,75,128747,0.05,3.09056846,3680,,,19686,0.0011718831956386566,0.0001
46.14,1704,75,128947,0.05,3.05188264,3684,,,19736,0.0037252623587846756,0.0001
45.89,1701,75,129114,0.05,3.0430973700000004,3688,,,19778,0.0027968029025942087,0.0001
45.89,1700,76,129314,0.05,3.0593655300000004,3692,,,19828,0.0009708611178211868,0.0001
45.89,1699,76,129514,0.05,3.05777759,3696,,,19878,0.0003041184681933373,0.0001
45.94,1697,76,129714,0.05,2.9937435500000005,3700,,,19928,0.0008431174792349339,0.0001
45.94,1694,76,129914,0.05,2.99165766,3704,,,19978,0.01808163896203041,0.0001
,,,130000,0.05,,,2.8749922,50.0,19999,0.00029859773349016905,0.0001
46.64,1690,76,130114,0.05,2.8568250699999997,3708,,,20028,0.0002651888644322753,0.0001
46.52,1686,77,130302,0.05,2.8930406600000005,3712,,,20075,0.00026011376758106053,0.0001
46.3,1685,77,130480,0.05,2.9366978700000006,3716,,,20119,0.032788172364234924,0.0001
46.3,1684,77,130680,0.05,2.9368074000000006,3720,,,20169,0.0007112588500604033,0.0001
46.46,1683,77,130880,0.05,2.8984188600000005,3724,,,20219,0.0010151003953069448,0.0001
46.56,1682,77,131080,0.05,2.8705329799999997,3728,,,20269,0.00016555855108890682,0.0001
46.41,1681,78,131265,0.05,2.898744340000001,3732,,,20316,0.0008564990712329745,0.0001
46.69,1680,78,131465,0.05,2.85786207,3736,,,20366,0.010078301653265953,0.0001
47.0,1679,78,131616,0.05,2.8756102099999996,3740,,,20403,0.00015757267829030752,0.0001
46.69,1678,78,131785,0.05,2.9206243700000005,3744,,,20446,0.024115698412060738,0.0001
46.26,1677,78,131942,0.05,2.99695335,3748,,,20485,0.060412757098674774,0.0001
47.0,1676,78,132142,0.05,2.9115963099999997,3752,,,20535,0.07688113301992416,0.0001
47.32,1675,78,132342,0.05,2.8671360399999997,3756,,,20585,0.007662094663828611,0.0001
47.66,1674,79,132540,0.05,2.8639954500000004,3760,,,20634,0.0019354509422555566,0.0001
47.66,1673,79,132740,0.05,2.86424732,3764,,,20684,0.0016821103636175394,0.0001
47.66,1672,79,132940,0.05,2.8615097099999995,3768,,,20734,0.00018789779278449714,0.0001
47.66,1671,79,133140,0.05,2.8543605,3772,,,20784,0.000840370892547071,0.0001
47.66,1670,79,133340,0.05,2.86472658,3776,,,20834,0.0008401292143389583,0.0001
47.93,1669,80,133540,0.05,2.8327313699999994,3780,,,20884,0.0003015700203832239,0.0001
47.93,1667,80,133740,0.05,2.83283436,3784,,,20934,0.00047297507990151644,0.0001
47.91,1666,80,133905,0.05,2.8402375799999997,3788,,,20976,0.0005825721891596913,0.0001
47.91,1665,80,134105,0.05,2.8269533799999995,3792,,,21026,0.0018949061632156372,0.0001
47.91,1664,80,134305,0.05,2.81993017,3796,,,21076,0.000491140119265765,0.0001
47.91,1663,80,134505,0.05,2.84054238,3800,,,21126,0.001581251504831016,0.0001
47.85,1662,81,134699,0.05,2.8768081599999995,3804,,,21174,0.00015551738033536822,0.0001
47.45,1661,81,134859,0.05,2.9143821399999994,3808,,,21214,0.0030918139964342117,0.0001
,,,135000,0.05,,,2.5878832,50.0,21249,0.03131238371133804,0.0001
47.57,1659,81,135059,0.05,2.87064757,3812,,,21264,0.0004043339577037841,0.0001
46.77,1658,81,135157,0.05,2.9399045199999994,3816,,,21289,0.00017617290723137558,0.0001
46.77,1657,81,135357,0.05,2.93430101,3820,,,21339,0.0005279225879348814,0.0001
46.19,1657,81,135499,0.05,3.0200983600000004,3824,,,21374,0.04350204020738602,0.0001
45.83,1656,81,135663,0.05,3.0456347299999997,3828,,,21415,0.0001610938779776916,0.0001
45.59,1655,82,135824,0.05,3.0487081700000003,3832,,,21455,0.0002289467811351642,0.0001
45.59,1654,82,136024,0.05,3.033080140000001,3836,,,21505,0.00029044918483123183,0.0001
46.08,1653,82,136224,0.05,2.94143268,3840,,,21555,0.002609948394820094,0.0001
46.23,1653,82,136408,0.05,2.9430382899999996,3844,,,21601,0.00024526999914087355,0.0001
46.48,1652,82,136590,0.05,2.90342875,3848,,,21647,0.00026858123601414263,0.0001
46.48,1651,82,136790,0.05,2.89837983,3852,,,21697,0.0022042086347937584,0.0001
46.48,1650,82,136990,0.05,2.9052002600000004,3856,,,21747,0.00024073648091871291,0.0001
46.5,1649,83,137190,0.05,2.87518053,3860,,,21797,0.00018207896209787577,0.0001
46.46,1648,83,137386,0.05,2.92191061,3864,,,21846,0.00021305253903847188,0.0001
46.46,1647,83,137586,0.05,2.91678891,3868,,,21896,0.0025764128658920527,0.0001
46.46,1647,83,137786,0.05,2.91714638,3872,,,21946,0.0010141811799257994,0.0001
46.46,1646,83,137986,0.05,2.9055112199999997,3876,,,21996,0.0002387418207945302,0.0001
46.46,1645,83,138186,0.05,2.9134072999999994,3880,,,22046,0.0005420489469543099,0.0001
46.34,1645,84,138374,0.05,2.9566139700000003,3884,,,22093,0.00020443111134227365,0.0001
46.69,1644,84,138574,0.05,2.91758218,3888,,,22143,0.0002816676569636911,0.0001
46.69,1643,84,138774,0.05,2.920236390000001,3892,,,22193,0.0004576512728817761,0.0001
46.46,1642,84,138951,0.05,2.9710818999999997,3896,,,22237,0.013956326991319656,0.0001
46.46,1642,84,139151,0.05,2.95832945,3900,,,22287,0.00024991066311486065,0.0001
46.45,1641,84,139344,0.05,2.9570227499999997,3904,,,22335,0.06235918030142784,0.0001
46.85,1640,85,139544,0.05,2.91937445,3908,,,22385,0.0007863366045057774,0.0001
46.85,1639,85,139744,0.05,2.92677255,3912,,,22435,0.00021117427968420088,0.0001
47.87,1639,85,139944,0.05,2.82286334,3916,,,22485,0.002702183322981,0.0001
,,,140000,0.05,,,2.7930554,50.0,22499,0.0034143817611038685,0.0001
47.87,1636,85,140144,0.05,2.8304960799999996,3920,,,22535,0.0005016334471292794,0.0001
48.29,1636,85,140328,0.05,2.7790490799999996,3924,,,22581,0.00017625521286390722,0.0001
48.65,1635,85,140528,0.05,2.80067771,3928,,,22631,0.017984852194786072,0.0001
49.04,1634,86,140728,0.05,2.77232345,3932,,,22681,0.00014608603669330478,0.0001
48.99,1634,86,140923,0.05,2.8337464600000004,3936,,,22730,0.00019454014545772225,0.0001
48.99,1633,86,141123,0.05,2.8466969299999993,3940,,,22780,0.0017671340610831976,0.0001
49.15,1631,86,141323,0.05,2.80331327,3944,,,22830,0.0005778712220489979,0.0001
49.33,1630,86,141523,0.05,2.7557273500000004,3948,,,22880,0.0032945568673312664,0.0001
49.33,1629,86,141723,0.05,2.7674806700000003,3952,,,22930,0.0007052791188471019,0.0001
49.33,1629,87,141923,0.05,2.7473750300000006,3956,,,22980,0.0026661620941013098,0.0001
49.33,1628,87,142123,0.05,2.73848202,3960,,,23030,0.0002582363085821271,0.0001
49.27,1627,87,142313,0.05,2.737463429999999,3964,,,23078,8.202341268770397e-05,0.0001
48.99,1626,87,142485,0.05,2.7761794099999992,3968,,,23121,0.0005457657389342785,0.0001
48.99,1625,87,142685,0.05,2.7843435099999994,3972,,,23171,0.02330729551613331,0.0001
48.92,1624,87,142878,0.05,2.84250158,3976,,,23219,0.0003382517897989601,0.0001
48.88,1623,88,143074,0.05,2.8827067100000003,3980,,,23268,0.032749444246292114,0.0001
48.66,1623,88,143240,0.05,2.87309666,3984,,,23309,0.0022156352642923594,0.0001
48.66,1622,88,143440,0.05,2.87301191,3988,,,23359,0.0001739698345772922,0.0001
47.92,1622,88,143566,0.05,2.9444465999999996,3992,,,23391,0.0007006854866631329,0.0001
48.15,1621,88,143766,0.05,2.88991533,3996,,,23441,9.899512951960787e-05,0.0001
48.15,1620,88,143966,0.05,2.89736511,4000,,,23491,0.00035883067175745964,0.0001
47.88,1619,88,144132,0.05,2.9049136000000004,4004,,,23532,0.00027825511642731726,0.0001
47.61,1619,89,144305,0.05,2.9868053900000002,4008,,,23576,0.010782577097415924,0.0001
47.61,1618,89,144505,0.05,2.9835972199999996,4012,,,23626,0.0030153298284858465,0.0001
47.61,1617,89,144705,0.05,2.966243590000001,4016,,,23676,0.00023658096324652433,0.0001
47.61,1616,89,144905,0.05,2.9649447400000004,4020,,,23726,0.0002972402726300061,0.0001
,,,145000,0.05,,,2.8833323999999996,50.0,23749,0.0005184187320992351,0.0001
47.77,1614,89,145105,0.05,2.9261896899999997,4024,,,23776,0.020381618291139603,0.0001
46.89,1614,89,145217,0.05,2.9773376100000006,4028,,,23804,0.00012616087042260915,0.0001
46.09,1613,90,145337,0.05,3.04606709,4032,,,23834,0.0008409540168941021,0.0001
45.87,1613,90,145510,0.05,3.038524259999999,4036,,,23877,0.0003051297680940479,0.0001
45.87,1612,90,145710,0.05,3.02206978,4040,,,23927,0.0393160842359066,0.0001
45.87,1611,90,145910,0.05,3.01675068,4044,,,23977,0.0014151373179629445,0.0001
45.87,1611,90,146110,0.05,3.0253027400000003,4048,,,24027,0.00011373962479410693,0.0001
45.81,1610,90,146304,0.05,3.0746362499999997,4052,,,24075,0.00019996485207229853,0.0001
45.81,1609,91,146504,0.05,3.0919526000000004,4056,,,24125,0.0006948548834770918,0.0001
45.81,1608,91,146704,0.05,3.1005096400000003,4060,,,24175,0.00034404147299937904,0.0001
45.91,1608,91,146904,0.05,3.0607576300000003,4064,,,24225,0.0042975046671926975,0.0001
46.19,1607,91,147104,0.05,3.02467968,4068,,,24275,0.0001278170384466648,0.0001
46.19,1606,91,147304,0.05,3.029303450000001,4072,,,24325,0.0003844884049613029,0.0001
46.26,1606,91,147504,0.05,2.98835621,4076,,,24375,0.002311869990080595,0.0001
46.3,1605,92,147704,0.05,2.9457461600000006,4080,,,24425,0.004962317645549774,0.0001
46.64,1604,92,147904,0.05,2.92089429,4084,,,24475,0.00021634057338815182,0.0001
46.64,1604,92,148104,0.05,2.92954219,4088,,,24525,0.00036791639286093414,0.0001
47.15,1603,92,148281,0.05,2.89228279,4092,,,24570,0.00021525367628782988,0.0001
46.9,1602,92,148456,0.05,2.97798815,4096,,,24613,0.039833392947912216,0.0001
46.9,1602,92,148656,0.05,2.97692138,4100,,,24663,0.0006409724592231214,0.0001
47.24,1601,92,148856,0.05,2.9289819900000005,4104,,,24713,0.0006980427424423397,0.0001
47.51,1600,93,149056,0.05,2.8553710300000006,4108,,,24763,0.00017690386448521167,0.0001
47.28,1600,93,149233,0.05,2.8980531000000003,4112,,,24808,0.0003749507013708353,0.0001
47.28,1599,93,149433,0.05,2.9073139699999997,4116,,,24858,0.00018747289141174406,0.0001
47.28,1598,93,149633,0.05,2.9095796199999997,4120,,,24908,0.00027108698850497603,0.0001
47.18,1598,93,149823,0.05,2.9642027499999997,4124,,,24955,0.00010302392183803022,0.0001
47.67,1597,93,149984,0.05,2.8899384500000007,4128,,,24995,0.004459922201931477,0.0001
,,,150000,0.05,,,2.9075412,50.0,24999,8.390246512135491e-05,0.0001
48.06,1595,94,150143,0.05,2.85286816,4132,,,25035,0.00018394028302282095,0.0001
48.33,1595,94,150343,0.05,2.8205849200000004,4136,,,25085,0.00016479133046232164,0.0001
47.37,1594,94,150447,0.05,2.9372056,4140,,,25111,8.75753175932914e-05,0.0001
47.37,1593,94,150647,0.05,2.92813036,4144,,,25161,0.0011392658343538642,0.0001
47.37,1593,94,150847,0.05,2.91870799,4148,,,25211,0.0002712609712034464,0.0001
47.43,1592,94,151047,0.05,2.8838279400000006,4152,,,25261,0.0011292222188785672,0.0001
46.53,1592,94,151157,0.05,2.9975939499999997,4156,,,25289,0.0010272220242768526,0.0001
46.53,1591,95,151357,0.05,2.99622401,4160,,,25339,0.0004940662765875459,0.0001
46.23,1590,95,151527,0.05,3.0273511599999994,4164,,,25381,0.0002578893327154219,0.0001
44.72,1590,95,151576,0.05,3.16664772,4168,,,25393,0.0003069239901378751,0.0001
44.34,1589,95,151738,0.05,3.1964922,4172,,,25434,0.002192434389144182,0.0001
44.34,1589,95,151938,0.05,3.17374494,4176,,,25484,0.00041638940456323326,0.0001
43.97,1588,95,152101,0.05,3.2017264700000005,4180,,,25525,0.001854602014645934,0.0001
43.62,1587,95,152266,0.05,3.2771036000000002,4184,,,25566,0.013004601933062077,0.0001
43.26,1587,96,152430,0.05,3.3539261199999997,4188,,,25607,0.0016097866464406252,0.0001
42.7,1586,96,152551,0.05,3.38148967,4192,,,25637,0.00022916996385902166,0.0001
42.27,1585,96,152683,0.05,3.3830355699999997,4196,,,25670,0.00013743792078457773,0.0001
41.79,1584,96,152835,0.05,3.4626507099999997,4200,,,25708,0.00028552027652040124,0.0001
41.79,1584,96,153035,0.05,3.45016719,4204,,,25758,0.0004920498467981815,0.0001
41.04,1583,96,153160,0.05,3.51911403,4208,,,25789,0.002409369219094515,0.0001
40.95,1583,96,153328,0.05,3.5077798199999997,4212,,,25831,0.00012581993360072374,0.0001
40.51,1582,96,153484,0.05,3.5819728900000003,4216,,,25870,0.00018439313862472773,0.0001
40.11,1582,97,153644,0.05,3.6119241700000004,4220,,,25910,0.00011833840108010918,0.0001
39.79,1581,97,153802,0.05,3.6049272799999996,4224,,,25950,0.0006030007498338819,0.0001
40.18,1580,97,154002,0.05,3.57892177,4228,,,26000,0.00023449859872926027,0.0001
40.59,1580,97,154202,0.05,3.5339444999999996,4232,,,26050,0.0004895870224572718,0.0001
40.59,1579,97,154402,0.05,3.5322759099999996,4236,,,26100,0.0001962624373845756,0.0001
41.55,1578,97,154602,0.05,3.4354137699999994,4240,,,26150,0.0026007257401943207,0.0001
41.55,1576,98,154802,0.05,3.430909180000001,4244,,,26200,0.0009531822870485485,0.0001
41.28,1575,98,154975,0.05,3.477000930000001,4248,,,26243,0.0003932056715711951,0.0001
,,,155000,0.05,,,2.8206345999999995,50.0,26249,0.00013329304056242108,0.0001
40.59,1573,98,155106,0.05,3.5398134,4252,,,26276,0.00015916167467366904,0.0001
41.37,1572,98,155294,0.05,3.4795743,4256,,,26323,0.0004801317409146577,0.0001
41.27,1571,98,155484,0.05,3.5200125799999995,4260,,,26370,0.01366878580302,0.0001
41.57,1570,99,155684,0.05,3.4963891600000006,4264,,,26420,0.04979003593325615,0.0001
43.08,1568,99,155884,0.05,3.364597029999999,4268,,,26470,0.0004413551068864763,0.0001
43.46,1567,99,156084,0.05,3.3323739999999997,4272,,,26520,0.0010838850867003202,0.0001
43.46,1565,99,156284,0.05,3.34236404,4276,,,26570,0.00023080901883076876,0.0001
43.83,1564,99,156484,0.05,3.3095386499999995,4280,,,26620,0.00011502903362270445,0.0001
43.44,1564,100,156610,0.05,3.2969760499999996,4284,,,26652,0.0006235088221728802,0.0001
43.39,1563,100,156769,0.05,3.231501309999999,4288,,,26692,0.00034143857192248106,0.0001
44.18,1562,100,156969,0.05,3.16669738,4292,,,26742,0.0008775793830864131,0.0001
44.86,1562,100,157169,0.05,3.0938854399999998,4296,,,26792,0.0006796065135858953,0.0001
45.24,1561,100,157359,0.05,3.0686499699999996,4300,,,26839,0.0004121946112718433,0.0001
45.03,1560,100,157538,0.05,3.1339469000000006,4304,,,26884,0.0006374357617460191,0.0001
45.78,1560,101,157738,0.05,3.067813080000001,4308,,,26934,0.00041283515747636557,0.0001
45.33,1559,101,157861,0.05,3.10772481,4312,,,26965,0.00025203003315255046,0.0001
45.77,1558,101,158061,0.05,3.0381421399999997,4316,,,27015,0.001304534263908863,0.0001
46.17,1558,101,158261,0.05,3.0072823099999995,4320,,,27065,0.00020097642845939845,0.0001
46.59,1556,101,158461,0.05,2.9687668699999996,4324,,,27115,0.0017061850521713495,0.0001
46.19,1555,101,158621,0.05,2.9996121699999994,4328,,,27155,9.050661901710555e-05,0.0001
46.19,1552,102,158821,0.05,3.0214559299999997,4332,,,27205,0.0002622306055855006,0.0001
45.1,1552,102,158912,0.05,3.12983217,4336,,,27227,0.00033113782410509884,0.0001
44.84,1550,102,159086,0.05,3.15702105,4340,,,27271,0.00010340543667552993,0.0001
44.61,1549,102,159263,0.05,3.21088731,4344,,,27315,0.00019699183758348227,0.0001
44.88,1548,102,159463,0.05,3.1718933500000004,4348,,,27365,0.049291081726551056,0.0001
45.03,1548,103,159609,0.05,3.18011559,4352,,,27402,0.0027885399758815765,0.0001
45.15,1547,103,159809,0.05,3.12801069,4356,,,27452,0.0003056300920434296,0.0001
,,,160000,0.05,,,2.8020178000000002,50.0,27499,0.0072992411442101,0.0001
45.25,1545,103,160009,0.05,3.0825029700000006,4360,,,27502,0.0002433137851767242,0.0001
45.25,1544,103,160209,0.05,3.0619492600000005,4364,,,27552,0.00018289763829670846,0.0001
44.93,1544,103,160377,0.05,3.09592761,4368,,,27594,0.0004176262591499835,0.0001
44.93,1543,104,160577,0.05,3.0818403599999997,4372,,,27644,0.04182222858071327,0.0001
44.93,1543,104,160777,0.05,3.0768401000000005,4376,,,27694,0.004417712800204754,0.0001
44.61,1542,104,160945,0.05,3.1200832199999997,4380,,,27736,7.025601371424273e-05,0.0001
45.35,1542,104,161145,0.05,3.0391096699999998,4384,,,27786,0.0001642337447265163,0.0001
45.61,1541,104,161330,0.05,3.0716095800000005,4388,,,27832,0.0004802225739695132,0.0001
45.58,1541,104,161527,0.05,3.1231907599999995,4392,,,27881,0.0003508513327687979,0.0001
45.34,1540,104,161703,0.05,3.1588863899999997,4396,,,27925,0.00011479747627163306,0.0001
45.44,1540,105,161903,0.05,3.097441989999999,4400,,,27975,0.00045635431888513267,0.0001
45.39,1539,105,162077,0.05,3.08141615,4404,,,28019,0.00045765560935251415,0.0001
44.81,1539,105,162219,0.05,3.1543236500000003,4408,,,28054,0.0001750298251863569,0.0001
45.58,1538,105,162419,0.05,3.0894619,4412,,,28104,0.0004647578753065318,0.0001
45.58,1538,105,162619,0.05,3.0743728599999995,4416,,,28154,0.0017026409041136503,0.0001
45.58,1538,105,162819,0.05,3.05909661,4420,,,28204,0.00020527004380710423,0.0001
45.58,1537,106,163019,0.05,3.05441033,4424,,,28254,0.0014081235276535153,0.0001
45.98,1537,106,163219,0.05,3.0269743199999994,4428,,,28304,0.0003059816954191774,0.0001
45.98,1536,106,163419,0.05,3.0201839600000007,4432,,,28354,0.0005775535828433931,0.0001
47.07,1536,106,163619,0.05,2.9129593600000003,4436,,,28404,9.97113820631057e-05,0.0001
47.26,1535,106,163812,0.05,2.93309188,4440,,,28452,0.0005320337368175387,0.0001
47.49,1535,106,164012,0.05,2.895539580000001,4444,,,28502,0.00033982915920205414,0.0001
47.49,1535,106,164212,0.05,2.8913948700000005,4448,,,28552,0.00846627727150917,0.0001
48.03,1534,107,164412,0.05,2.8246852200000006,4452,,,28602,0.006203596945852041,0.0001
47.59,1534,107,164568,0.05,2.9122391700000003,4456,,,28641,0.08195415884256363,0.0001
47.59,1533,107,164768,0.05,2.91707538,4460,,,28691,0.00010607275908114389,0.0001
47.59,1533,107,164968,0.05,2.9257522899999997,4464,,,28741,0.03605830669403076,0.0001
,,,165000,0.05,,,2.8001544000000003,50.0,28749,0.00012379171676002443,0.0001
47.91,1531,107,165168,0.05,2.8894470000000005,4468,,,28791,0.0009105518111027777,0.0001
47.73,1530,108,165350,0.05,2.9574766800000005,4472,,,28837,0.0002607894712127745,0.0001
47.72,1530,108,165549,0.05,3.01023955,4476,,,28887,0.0004914898308925331,0.0001
47.44,1529,108,165689,0.05,3.0362405199999993,4480,,,28922,0.00039336312329396605,0.0001
47.44,1529,108,165889,0.05,3.0143671199999993,4484,,,28972,0.00028036453295499086,0.0001
47.59,1529,108,166089,0.05,2.95738829,4488,,,29022,0.0005505479057319462,0.0001
47.62,1528,108,166289,0.05,2.9116364999999997,4492,,,29072,0.0004022102220915258,0.0001
47.86,1528,108,166489,0.05,2.8699314899999995,4496,,,29122,0.0002206661447416991,0.0001
47.6,1527,109,166663,0.05,2.91477351,4500,,,29165,0.00044700849684886634,0.0001
47.86,1527,109,166863,0.05,2.8956462199999997,4504,,,29215,0.00036164853372611105,0.0001
48.44,1526,109,167063,0.05,2.823424000000001,4508,,,29265,0.0005380954244174063,0.0001
48.44,1526,109,167263,0.05,2.8240446799999996,4512,,,29315,0.0003783029387705028,0.0001
48.24,1525,109,167443,0.05,2.8776557999999994,4516,,,29360,0.0002696604351513088,0.0001
48.24,1525,109,167643,0.05,2.89046353,4520,,,29410,0.0025810953229665756,0.0001
48.24,1525,110,167843,0.05,2.90030494,4524,,,29460,0.000282215274637565,0.0001
48.23,1524,110,168042,0.05,2.9445986599999996,4528,,,29510,0.00016607310681138188,0.0001
47.76,1524,110,168195,0.05,3.0239064200000003,4532,,,29548,0.0014314441941678524,0.0001
47.76,1523,110,168395,0.05,3.0169472499999994,4536,,,29598,0.008188157342374325,0.0001
47.52,1523,110,168564,0.05,2.9981896099999994,4540,,,29640,0.0002460398245602846,0.0001
47.52,1522,110,168764,0.05,2.9910499200000005,4544,,,29690,0.051081106066703796,0.0001
47.52,1522,110,168964,0.05,2.98379418,4548,,,29740,0.04872691631317139,0.0001
47.52,1522,111,169164,0.05,2.9728078599999996,4552,,,29790,0.0006571953999809921,0.0001
47.94,1521,111,169362,0.05,2.935103470000001,4556,,,29840,0.00273176864720881,0.0001
47.39,1521,111,169507,0.05,3.001145,4560,,,29876,0.0002947530010715127,0.0001
47.13,1520,111,169681,0.05,3.03633055,4564,,,29920,0.0001707505143713206,0.0001
46.96,1520,111,169864,0.05,3.1211287599999995,4568,,,29965,0.0004233452200423926,0.0001
,,,170000,0.05,,,2.8336084,50.0,29999,0.00018695300968829542,0.0001
47.14,1518,111,170064,0.05,3.0664454599999993,4572,,,30015,0.00010652177297743037,0.0001
47.15,1518,112,170264,0.05,3.0165485100000002,4576,,,30065,0.00010930022835964337,0.0001
47.25,1518,112,170414,0.05,3.03418181,4580,,,30103,0.0002182206226279959,0.0001
47.07,1517,112,170596,0.05,3.11287341,4584,,,30148,0.037707358598709106,0.0001
46.75,1517,112,170764,0.05,3.15765762,4588,,,30190,0.00835288967937231,0.0001
46.38,1516,112,170927,0.05,3.19151533,4592,,,30231,0.00016038850299082696,0.0001
46.38,1515,112,171127,0.05,3.2051216499999997,4596,,,30281,0.06271842122077942,0.0001
46.3,1515,113,171293,0.05,3.2438366499999995,4600,,,30323,0.0007765060290694237,0.0001
46.16,1515,113,171479,0.05,3.2654789699999998,4604,,,30369,0.00038613565266132355,0.0001
46.13,1514,113,171676,0.05,3.30999398,4608,,,30418,0.0001520275545772165,0.0001
46.04,1514,113,171867,0.05,3.355548649999999,4612,,,30466,0.04687371104955673,0.0001
46.24,1513,113,172067,0.05,3.3019965499999997,4616,,,30516,0.00043941105832345784,0.0001
46.02,1513,113,172245,0.05,3.34134052,4620,,,30561,0.0008591171936132014,0.0001
46.02,1513,113,172445,0.05,3.335300770000001,4624,,,30611,0.00020610391220543534,0.0001
45.76,1512,114,172618,0.05,3.3192960599999997,4628,,,30654,0.002122750971466303,0.0001
46.12,1512,114,172807,0.05,3.28705314,4632,,,30701,0.00015622501086909324,0.0001
46.12,1511,114,173007,0.05,3.28617781,4636,,,30751,0.000382827827706933,0.0001
46.43,1511,114,173207,0.05,3.2514784899999993,4640,,,30801,0.0002550303761381656,0.0001
46.2,1511,114,173384,0.05,3.28949255,4644,,,30845,0.0013208735035732388,0.0001
46.1,1510,114,173574,0.05,3.3307976200000002,4648,,,30893,0.0003125774092040956,0.0001
46.03,1510,115,173767,0.05,3.37726448,4652,,,30941,0.00013837695587426424,0.0001
46.05,1509,115,173967,0.05,3.32208139,4656,,,30991,0.00018313921464141458,0.0001
46.6,1509,115,174167,0.05,3.26728659,4660,,,31041,0.0005276903975754976,0.0001
46.48,1509,115,174329,0.05,3.26412134,4664,,,31082,0.00032394600566476583,0.0001
46.27,1508,115,174491,0.05,3.2061858000000005,4668,,,31122,0.0001581283431733027,0.0001
46.27,1508,115,174691,0.05,3.2063539700000003,4672,,,31172,0.00037465503555722535,0.0001
46.27,1507,115,174891,0.05,3.208014049999999,4676,,,31222,0.08225081115961075,0.0001
,,,175000,0.05,,,2.6031708,50.0,31249,0.0005266054067760706,0.0001
46.77,1506,116,175091,0.05,3.1283558200000003,4680,,,31272,0.0001706905459286645,0.0001
46.95,1506,116,175291,0.05,3.0678475600000006,4684,,,31322,0.00011520455882418901,0.0001
47.07,1505,116,175471,0.05,3.0425295499999994,4688,,,31367,0.00035633888910524547,0.0001
46.98,1505,116,175625,0.05,3.0906668,4692,,,31406,0.0026793149299919605,0.0001
46.93,1504,116,175820,0.05,3.1368014300000002,4696,,,31454,0.05236488953232765,0.0001
47.27,1504,116,176020,0.05,3.0578548899999993,4700,,,31504,0.00015809557226020843,0.0001
47.41,1504,117,176220,0.05,3.023120449999999,4704,,,31554,0.0010451414855197072,0.0001
47.44,1503,117,176420,0.05,2.9700592199999996,4708,,,31604,0.0002826866111718118,0.0001
47.53,1503,117,176620,0.05,2.92676807,4712,,,31654,0.0005366952391341329,0.0001
47.47,1503,117,176814,0.05,2.9746411900000003,4716,,,31703,0.0002941128914244473,0.0001
47.57,1502,117,177002,0.05,2.9666166599999997,4720,,,31750,0.0006521870382130146,0.0001
47.37,1502,117,177182,0.05,3.0147356100000007,4724,,,31795,0.000176517860381864,0.0001
47.64,1502,118,177382,0.05,2.973937,4728,,,31845,0.00027943833265453577,0.0001
47.75,1501,118,177582,0.05,2.9303539499999993,4732,,,31895,0.00034992850851267576,0.0001
46.83,1501,118,177690,0.05,3.05089978,4736,,,31922,0.0001885891251731664,0.0001
46.5,1501,118,177857,0.05,3.1282974,4740,,,31964,5.704321665689349e-05,0.0001
46.73,1501,118,178057,0.05,3.098095659999999,4744,,,32014,0.0004023907531518489,0.0001
46.83,1500,118,178257,0.05,3.12256126,4748,,,32064,8.316391904372722e-05,0.0001
46.73,1499,118,178440,0.05,3.11765139,4752,,,32109,0.0002703156496863812,0.0001
46.73,1499,119,178640,0.05,3.1323224599999993,4756,,,32159,9.0296111011412e-05,0.0001
46.65,1499,119,178832,0.05,3.16626353,4760,,,32207,0.00013171393948141485,0.0001
47.03,1498,119,179032,0.05,3.1341535200000004,4764,,,32257,0.0009517205180600286,0.0001
46.94,1498,119,179185,0.05,3.18240623,4768,,,32296,0.002270365133881569,0.0001
46.53,1498,119,179344,0.05,3.26502274,4772,,,32335,0.10682404786348343,0.0001
46.35,1497,119,179526,0.05,3.35633052,4776,,,32381,0.0001701998698990792,0.0001
46.15,1497,120,179706,0.05,3.3921644999999994,4780,,,32426,0.00020741584012284875,0.0001
46.15,1497,120,179906,0.05,3.3775391099999994,4784,,,32476,7.288662163773552e-05,0.0001
,,,180000,0.05,,,3.0374846,41.6,32499,0.0003605314122978598,0.0001
46.08,1495,120,180079,0.05,3.3962900499999993,4788,,,32519,0.058584269136190414,0.0001
46.26,1495,120,180251,0.05,3.36080054,4792,,,32562,0.0026477959472686052,0.0001
45.93,1495,120,180413,0.05,3.43606764,4796,,,32603,0.0004466933896765113,0.0001
45.54,1494,120,180574,0.05,3.47855984,4800,,,32643,0.00019533935119397938,0.0001
45.43,1494,120,180763,0.05,3.527013529999999,4804,,,32690,0.0040307678282260895,0.0001
45.43,1494,121,180963,0.05,3.54501487,4808,,,32740,0.051921430975198746,0.0001
45.31,1493,121,181151,0.05,3.58697327,4812,,,32787,0.005376046523451805,0.0001
45.37,1493,121,181351,0.05,3.55218105,4816,,,32837,0.00037649209843948483,0.0001
45.49,1493,121,181551,0.05,3.5184063599999997,4820,,,32887,0.0005154989194124937,0.0001
45.43,1492,121,181725,0.05,3.5135765899999996,4824,,,32931,0.0004928034613840282,0.0001
45.24,1492,121,181906,0.05,3.5709199000000003,4828,,,32976,0.0003114935243502259,0.0001
45.24,1492,122,182106,0.05,3.4847585399999996,4832,,,33026,0.0001421095075784251,0.0001
46.16,1491,122,182306,0.05,3.3018779499999993,4836,,,33076,0.00011019370140274987,0.0001
46.49,1491,122,182506,0.05,3.2206553699999994,4840,,,33126,0.00015702599193900824,0.0001
46.49,1490,122,182706,0.05,3.2154953700000006,4844,,,33176,0.0015204130904749036,0.0001
46.49,1490,122,182906,0.05,3.17116335,4848,,,33226,0.002518146298825741,0.0001
46.66,1490,122,183106,0.05,3.12548256,4852,,,33276,0.0030808851588517427,0.0001
46.66,1489,123,183306,0.05,3.12240903,4856,,,33326,0.0021310988813638687,0.0001
46.74,1489,123,183506,0.05,3.062676179999999,4860,,,33376,0.00023663115280214697,0.0001
46.74,1489,123,183706,0.05,3.06667348,4864,,,33426,0.0006989162648096681,0.0001
47.21,1488,123,183906,0.05,2.98905345,4868,,,33476,0.0011603283928707242,0.0001
47.62,1488,123,184106,0.05,2.91092812,4872,,,33526,0.00032383983489125967,0.0001
47.8,1488,123,184306,0.05,2.82729599,4876,,,33576,0.0003916466375812888,0.0001
48.0,1487,124,184506,0.05,2.7815596799999995,4880,,,33626,0.0002544444869272411,0.0001
48.0,1487,124,184706,0.05,2.80176056,4884,,,33676,0.0002715009031817317,0.0001
47.97,1487,124,184876,0.05,2.7989748499999996,4888,,,33718,0.0004166034341324121,0.0001
,,,185000,0.05,,,2.6852524,50.0,33749,0.00028145339456386864,0.0001
48.07,1485,124,185058,0.05,2.785329,4892,,,33764,0.00019618531223386526,0.0001
48.45,1485,124,185258,0.05,2.653717920000001,4896,,,33814,0.005089885555207729,0.0001
48.84,1485,124,185458,0.05,2.60233339,4900,,,33864,0.009301600977778435,0.0001
48.95,1484,125,185658,0.05,2.5434662699999997,4904,,,33914,0.0002199157461291179,0.0001
48.95,1484,125,185858,0.05,2.53145886,4908,,,33964,0.00020842248341068625,0.0001
49.07,1484,125,186058,0.05,2.4739486,4912,,,34014,0.00031762730213813484,0.0001
49.07,1483,125,186258,0.05,2.47071448,4916,,,34064,0.0015419560950249434,0.0001
49.07,1483,125,186458,0.05,2.4652776700000003,4920,,,34114,0.05350714549422264,0.0001
49.33,1483,125,186658,0.05,2.42795827,4924,,,34164,0.0009513337863609195,0.0001
49.52,1482,126,186858,0.05,2.36766525,4928,,,34214,0.0002051025367109105,0.0001
49.07,1482,126,187013,0.05,2.53843642,4932,,,34253,0.00047310107038356364,0.0001
49.07,1481,126,187213,0.05,2.6055514900000003,4936,,,34303,0.00016504012455698103,0.0001
49.07,1481,126,187413,0.05,2.6035700399999997,4940,,,34353,0.00018219153571408242,0.0001
48.82,1481,126,187588,0.05,2.6534213799999997,4944,,,34396,0.00037245062412694097,0.0001
48.82,1480,126,187788,0.05,2.6418034599999998,4948,,,34446,8.79079889273271e-05,0.0001
48.82,1480,126,187988,0.05,2.646934,4952,,,34496,0.0006650105933658779,0.0001
48.82,1480,127,188188,0.05,2.6376727500000006,4956,,,34546,0.20072594285011292,0.0001
48.67,1479,127,188373,0.05,2.74928964,4960,,,34593,0.00036449552862904966,0.0001
48.67,1479,127,188573,0.05,2.7471921000000004,4964,,,34643,0.00022016398725099862,0.0001
48.62,1479,127,188768,0.05,2.7938082499999997,4968,,,34691,0.00037300511030480266,0.0001
48.62,1478,127,188968,0.05,2.7899454400000003,4972,,,34741,0.060261521488428116,0.0001
48.38,1478,127,189144,0.05,2.82763713,4976,,,34785,0.0005104636074975133,0.0001
48.28,1477,128,189334,0.05,2.8865106000000003,4980,,,34833,0.0002898210659623146,0.0001
48.28,1476,128,189534,0.05,2.894960760000001,4984,,,34883,0.011324991472065449,0.0001
48.57,1475,128,189733,0.05,2.9192969400000006,4988,,,34933,0.00017993486835621297,0.0001
48.74,1475,128,189932,0.05,2.9196604700000006,4992,,,34982,0.0004350183589849621,0.0001
,,,190000,0.05,,,2.5976516,50.0,34999,0.0005343880620785058,0.0001
48.74,1473,129,190132,0.05,2.9175354199999997,4996,,,35032,7.220442057587206e-05,0.0001
48.67,1471,129,190325,0.05,2.976242650000001,5000,,,35081,0.00013714085798710585,0.0001
48.67,1471,129,190525,0.05,2.9904173399999996,5004,,,35131,0.005614905618131161,0.0001
48.67,1470,129,190725,0.05,2.9947100700000004,5008,,,35181,0.00017652897804509848,0.0001
48.67,1470,129,190925,0.05,3.0102413900000005,5012,,,35231,0.00014306095545180142,0.0001
48.61,1469,130,191119,0.05,3.062689670000001,5016,,,35279,0.0026234197430312634,0.0001
48.61,1469,130,191319,0.05,3.06490103,5020,,,35329,0.00012247524864505976,0.0001
48.61,1469,130,191519,0.05,3.0606019200000003,5024,,,35379,0.00030639106989838183,0.0001
48.61,1468,130,191719,0.05,3.0635627000000003,5028,,,35429,0.00022244334104470909,0.0001
49.05,1468,130,191918,0.05,3.0234101900000003,5032,,,35479,0.0003061432216782123,0.0001
49.05,1467,130,192118,0.05,3.0262063500000007,5036,,,35529,0.005022823344916105,0.0001
49.05,1467,131,192318,0.05,3.0403160099999993,5040,,,35579,0.00024110221420414746,0.0001
49.3,1466,131,192518,0.05,2.9865772000000006,5044,,,35629,0.07293715327978134,0.0001
49.07,1466,131,192695,0.05,3.0251417600000003,5048,,,35673,0.008166158571839333,0.0001
49.07,1465,131,192895,0.05,3.02655728,5052,,,35723,4.516327317105606e-05,0.0001
48.66,1464,131,193054,0.05,3.05469553,5056,,,35763,0.0002241588372271508,0.0001
48.81,1464,131,193254,0.05,2.9555799399999994,5060,,,35813,0.05089636519551277,0.0001
48.81,1463,132,193454,0.05,2.9587505299999997,5064,,,35863,0.00015630488633178174,0.0001
48.86,1462,132,193654,0.05,2.9116772699999998,5068,,,35913,0.00715666264295578,0.0001
48.86,1461,132,193854,0.05,2.9156909699999995,5072,,,35963,0.000276263861451298,0.0001
49.1,1461,132,194054,0.05,2.86966505,5076,,,36013,0.0777919590473175,0.0001
49.05,1460,132,194239,0.05,2.8639282399999995,5080,,,36059,0.0006913913530297577,0.0001
48.84,1459,133,194418,0.05,2.9024171700000005,5084,,,36104,0.0007285335450433195,0.0001
48.85,1458,133,194618,0.05,2.8576086299999996,5088,,,36154,0.012436012737452984,0.0001
48.86,1458,133,194818,0.05,2.8261350999999997,5092,,,36204,0.07426951080560684,0.0001
,,,195000,0.05,,,2.7576818000000003,50.0,36249,0.0002879956446122378,0.0001
48.86,1456,133,195018,0.05,2.8281966099999996,5096,,,36254,0.00042990647489205003,0.0001
48.93,1456,134,195218,0.05,2.7852983399999998,5100,,,36304,0.07852894067764282,0.0001
48.82,1456,134,195407,0.05,2.82462136,5104,,,36351,0.00011858612560899928,0.0001
48.82,1455,134,195607,0.05,2.82914808,5108,,,36401,0.001726626418530941,0.0001
48.82,1455,134,195807,0.05,2.8267540199999996,5112,,,36451,0.00010176462819799781,0.0001
48.88,1454,134,196007,0.05,2.77235299,5116,,,36501,0.061543673276901245,0.0001
48.88,1454,134,196207,0.05,2.7773254300000008,5120,,,36551,0.0003896437701769173,0.0001
48.85,1453,135,196404,0.05,2.83368538,5124,,,36600,0.00013876923185307533,0.0001
48.76,1453,135,196595,0.05,2.8869295999999998,5128,,,36648,0.0002765679091680795,0.0001
47.98,1452,135,196716,0.05,2.9112486200000003,5132,,,36678,0.00015955572598613799,0.0001
47.57,1452,135,196875,0.05,2.992737200000001,5136,,,36718,0.0003250398440286517,0.0001
47.46,1451,135,197064,0.05,3.024500470000001,5140,,,36765,0.00024085864424705505,0.0001
47.46,1451,135,197264,0.05,3.01707214,5144,,,36815,0.0023527429439127445,0.0001
47.69,1450,136,197464,0.05,2.97761361,5148,,,36865,0.0005553776281885803,0.0001
47.69,1450,136,197664,0.05,2.969252590000001,5152,,,36915,0.00012045696348650381,0.0001
48.1,1450,136,197864,0.05,2.94738084,5156,,,36965,0.0003368593752384186,0.0001
48.1,1449,136,198064,0.05,2.95246639,5160,,,37015,0.05126708745956421,0.0001
48.1,1449,136,198264,0.05,2.9612754300000006,5164,,,37065,0.0015931425150483847,0.0001
47.41,1448,136,198395,0.05,3.0358589900000004,5168,,,37098,0.0901668444275856,0.0001
47.41,1448,137,198595,0.05,3.0367902000000004,5172,,,37148,0.00034501522895880044,0.0001
47.41,1448,137,198795,0.05,3.032278690000001,5176,,,37198,0.0003037540300283581,0.0001
47.56,1447,137,198995,0.05,2.9931241699999998,5180,,,37248,0.0007383248303085566,0.0001
47.77,1447,137,199195,0.05,2.955684190000001,5184,,,37298,9.437544213142246e-05,0.0001
47.77,1447,137,199395,0.05,2.94757328,5188,,,37348,0.0002135701070073992,0.0001
47.04,1447,137,199522,0.05,3.01532124,5192,,,37380,0.00024608627427369356,0.0001
47.04,1446,138,199722,0.05,3.0097483399999994,5196,,,37430,0.0006938115693628788,0.0001
46.88,1446,138,199906,0.05,3.0537916800000007,5200,,,37476,0.00014391654985956848,0.0001
,,,200000,0.05,,,2.6933816000000004,50.0,37499,0.00046383016160689294,0.0001
